% # columns="iteration, evaluation, sigma, axis ratio, bestever, best, median, worst objective function value, interquartile range, 25%tile, current best feasible f-value, elapsed wallclock time [s], further/more values", seed=448579, Wed May 20 15:09:51 2026, <python>{}</python>
1 6 0.37076243618625637 1.0000250003125026 18.593352214677314 1.8593352214677314e+01 19.100071587494035 20.864259011071294 2.071333750967824 18.636357680811603 nan 0.0   
2 12 0.4091626969198056 1.116103424925527 18.593352214677314 1.9343232765448690e+01 21.171163366805928 24.0980306981281 2.8296884113475826 20.07005018501144 nan 0.1   
3 18 0.46426021132270506 1.5035396241042929 18.250377952507186 1.8250377952507186e+01 20.846364202889163 23.24902833906151 3.8409794746503465 18.267336081759517 nan 0.2   
4 24 0.648772876932984 1.7082234417554778 16.18797328240232 1.6187973282402321e+01 18.118244322101464 23.960564534945973 1.883309005403067 17.400422475025984 nan 0.2   
5 30 0.515629459123923 2.217227110013482 16.18797328240232 1.7744165081717206e+01 18.509456088264024 20.094185331465887 1.1190335861424074 17.80700071763569 nan 0.2   
6 36 0.42886434266040113 2.6893603842164917 16.18797328240232 1.7733756428761964e+01 18.521521144777758 22.43099465611112 2.3003626828007455 18.1568714775743 nan 0.3   
7 42 0.6182479287338088 2.5855734662138117 16.18797328240232 1.6819825141044692e+01 18.4264167042843 18.85669825004241 0.5755838193018015 18.216457059070805 nan 0.3   
8 48 0.6114073584695402 3.603264079044368 15.685831844642353 1.5685831844642353e+01 17.674557218633723 20.307810579686812 4.18613033327714 15.757429469710162 nan 0.3   
9 54 0.5748681371182918 3.051989738283191 15.685831844642353 1.7743686246483566e+01 19.074704084718146 21.817987333805295 1.694490893153617 18.084079582389663 nan 0.3   
10 60 0.4862499003520533 3.822905828998167 15.685831844642353 1.6709779505982894e+01 17.591592304046355 20.493260801537264 1.3029149642497444 16.98362790419407 nan 0.4   
11 66 0.45759471804667673 3.1246594215353265 15.685831844642353 1.6346137808990850e+01 19.09788710925242 21.801970894589946 3.7553979916471683 16.502183648277665 nan 0.4   
12 72 0.3839004057527182 3.9515207883248866 15.685831844642353 1.6432741819969117e+01 18.695523018409126 19.81350484172542 2.3365235090137375 16.582425579583692 nan 0.4   
13 78 0.45372538861068634 4.4791194339138 15.685831844642353 1.6244705163361523e+01 18.804251204086967 20.58360660741307 3.4010512917152944 16.621100444342392 nan 0.5   
14 84 0.42709715102291507 3.4891582437166604 15.685831844642353 1.6357834648177004e+01 18.135885727662846 20.46882148988947 1.7902972781830258 17.039280347453538 nan 0.5   
15 90 0.4730725726506982 4.104104894410228 15.685831844642353 1.6289795993291026e+01 17.344052391297407 18.47402442609313 0.9668722518165858 16.635397118681798 nan 0.5   
16 96 0.4576960461712379 2.984925519460578 15.685831844642353 1.7171396622252338e+01 19.765045938460897 23.616411672154594 4.6231690062437565 17.893752822949164 nan 0.6   
17 102 0.4706440209148087 2.8999252479046844 15.685831844642353 1.6795047934292363e+01 17.70399733709935 19.543031939790534 2.392921665403449 17.014391575233738 nan 0.6   
18 108 0.5957300498457704 3.2062027517482585 15.685831844642353 1.6479590180967413e+01 17.423077003794226 18.563881451481397 0.574762911412396 17.09523129377016 nan 0.6   
19 114 0.4966449521175918 4.68356074075752 15.685831844642353 1.6683195810553425e+01 20.10833680262762 21.646478815058373 3.174907888933369 17.318219062547126 nan 0.7   
20 120 0.6799160495852405 5.1549096400897225 15.685831844642353 1.6241293184901522e+01 18.337218841644578 18.46165578439583 1.3313281837874982 17.114732277727587 nan 0.7   
21 126 0.9337931639145576 8.210013905572675 15.685831844642353 1.6954066054836030e+01 19.047006610621597 22.709803388933505 2.3523167975569663 17.017434543400455 nan 0.7   
22 132 0.933764117454389 13.225833191851356 15.685831844642353 1.6451781171228358e+01 18.99638641357891 20.792422018956426 2.601604396630588 16.880389180115813 nan 0.7   
23 138 0.8368030539583019 12.726750848987598 15.685831844642353 1.6038399455393183e+01 17.493798263470776 18.735600968307573 1.2197310321738328 16.991471516285507 nan 0.8   
24 144 0.7350968448219155 13.423306983138778 15.685831844642353 1.7409502818026770e+01 18.222228571159533 19.18580102163427 1.2778294118725384 17.4126663741843 nan 0.8   
25 150 0.6216519314838126 12.819513411210142 15.685831844642353 1.7157904828443154e+01 18.80981763781509 20.208358539713515 2.4782389804239955 17.32535589822007 nan 0.8   
26 156 0.6389920081943025 11.0173749713791 15.685831844642353 1.6015038100465048e+01 17.50563449811943 18.970548651064277 2.6667058479425023 16.148896997346004 nan 0.9   
27 162 0.5198739594345755 13.03940183630138 15.685831844642353 1.8102473342110123e+01 18.28515175962441 19.413324902325794 0.6019477818688266 18.138686796536827 nan 0.9   
28 168 0.5829625636400457 14.046404038862532 15.685831844642353 1.7113637001015238e+01 17.865115148805746 19.308901275384365 1.4909875467168945 17.445708793599053 nan 0.9   
29 174 0.5859216372359443 12.433375315665176 15.685831844642353 1.6743216944522789e+01 17.49815616901617 18.771155893857465 0.4829110099016809 17.280583137814507 nan 1.0   
30 180 0.6920009138981348 12.751133702996514 15.685831844642353 1.6996821327860943e+01 19.291108569389205 20.61143344377793 2.019075334635609 17.37672794449492 nan 1.0   
31 186 0.6090406299686938 9.262156998399758 15.685831844642353 1.6454365335875810e+01 18.51808233187236 19.513688648188353 1.5469545379834813 17.481504076556458 nan 1.0   
32 192 0.9050144568618417 9.508427526276998 15.685831844642353 1.7204659983541305e+01 18.8727944243269 20.187952697988205 2.095744188952864 17.465775290109686 nan 1.0   
33 198 0.8568949173293529 11.01876333958577 15.685831844642353 1.6627511936740294e+01 20.448645951565133 23.52483887328806 3.319108998693565 17.46265001935878 nan 1.1   
34 204 0.6526065644732701 13.507207405794176 15.685831844642353 1.7764340863193301e+01 19.598841910619452 21.741521103511598 1.6682437021596677 18.082760453226822 nan 1.1   
35 210 0.743996484272966 12.797059401160523 15.685831844642353 1.5901521515452989e+01 18.01358131762604 18.574818693780024 1.6475261426018655 16.48653552598948 nan 1.1   
36 216 0.7517478380116677 10.64013176379625 15.685831844642353 1.7742090135619712e+01 19.115495947590123 20.584474287705376 2.531124723331196 17.955832963985486 nan 1.2   
37 222 0.9828543276751424 12.185068045014523 15.685831844642353 1.6501149201660773e+01 17.672135228856067 18.01270553312328 0.7753193558949967 17.07142061618984 nan 1.2   
38 228 0.7410790363471392 15.081727550628274 15.685831844642353 1.7149770375956113e+01 20.151622240453808 20.519793039852665 2.4279197809769286 17.907013445355172 nan 1.2   
39 234 0.773892979616687 15.136040814493418 15.685831844642353 1.6671914457826219e+01 17.900237858484076 18.859855129776108 1.1119777163269795 16.93117122877744 nan 1.3   
40 240 0.7522861986973403 18.795256152329884 15.685831844642353 1.6919880842020401e+01 18.19705620073299 21.258383609152677 2.563055143168338 17.08247159333445 nan 1.3   
41 246 0.7733076120824185 16.89166075595518 15.685831844642353 1.6552344496023192e+01 19.04797132978046 20.317318666957707 2.331305266017136 17.123346529492075 nan 1.3   
42 252 0.5897308198598782 11.979035181519947 15.685831844642353 1.6562231601386554e+01 18.65283394752842 19.52940956056471 2.1317285209729135 16.827932699454845 nan 1.3   
43 258 0.4353020411529511 11.52369059830229 15.685831844642353 1.7128008923129489e+01 17.452879356746525 18.987736475622768 1.3290595218466414 17.185782154161362 nan 1.4   
44 264 0.3547675076505 12.068239361990063 15.685831844642353 1.6888989141509946e+01 19.34691117200078 21.513950245089497 2.496649336196189 17.050098647356485 nan 1.4   
45 270 0.3924172948700084 11.675588239555424 15.685831844642353 1.6083410035499686e+01 18.928214481784348 25.3793869341038 2.0574574872954514 17.082460644505666 nan 1.4   
46 276 0.33139351791152855 13.66999522058035 15.685831844642353 1.6354499562586575e+01 17.977129966846803 18.699827202110857 0.46205880650961006 17.587196608669956 nan 1.4   
47 282 0.33097280112152944 14.204623872482841 15.685831844642353 1.7276471277047790e+01 17.94071802557974 19.577904469196955 0.5762335156319303 17.43438531947978 nan 1.5   
48 288 0.28863053884456513 15.654871383213724 15.685831844642353 1.6362372741839533e+01 18.165852620563154 20.128125103215016 2.3917274954021828 16.856470692270147 nan 1.5   
49 294 0.2997384132631224 16.40162106364598 15.685831844642353 1.6401687672253392e+01 17.367310030893886 18.226005568932717 0.8388198704379128 16.831425093010903 nan 1.5   
50 300 0.3897409926623617 21.86671291193183 15.685831844642353 1.6128464436805942e+01 17.796261220023663 18.253717609535535 1.1761708856908868 16.92192862832873 nan 1.6   
51 306 0.3437575688845451 25.062470144555924 15.685831844642353 1.6530894323018895e+01 18.98247431189477 21.11818638769826 2.7887335416272485 17.18294738906337 nan 1.6   
52 312 0.3400942880812733 26.020539388390738 15.685831844642353 1.5954070143699129e+01 18.50257497833311 19.672103160468282 2.5191091729655213 16.233644442604888 nan 1.6   
53 318 0.4159447853305158 28.667342489308474 15.685831844642353 1.5739336407265737e+01 18.166202301723548 20.789430877753986 2.2800844879681534 17.401738952721562 nan 1.6   
54 324 0.3479399149740457 25.150477192711158 15.685831844642353 1.5738064873191176e+01 18.166859718818703 20.35293764921696 1.9834752588265907 17.028712031127096 nan 1.7   
55 330 0.31756858946837324 28.902891377016257 15.685831844642353 1.6288976100591459e+01 18.75483025061174 20.306654107448438 1.664397539908574 18.278883982523734 nan 1.7   
56 336 0.27714676701163826 31.907152865209785 15.685831844642353 1.7529796499810136e+01 19.19871788586814 21.012487515744613 1.3304418005804735 18.536696926482485 nan 1.7   
57 342 0.2532161238218743 41.098203480566774 15.685831844642353 1.6274568609356663e+01 17.880354421877918 21.363731684731313 2.1838799702508 17.203564375233753 nan 1.7   
58 348 0.24668101363777747 45.98151627013702 15.685831844642353 1.6405045377815071e+01 17.79940805207488 20.72831582795654 1.402796921328676 16.44154541209106 nan 1.8   
59 354 0.204269352564282 50.14693581070862 15.518503819785131 1.5518503819785131e+01 18.06384166547757 21.377072649368447 1.437065597181828 17.29394224141543 nan 1.8   
60 360 0.21878747267232976 48.74048242386673 15.518503819785131 1.6818037126566011e+01 17.906235402112987 21.467083572939448 3.0812977685963183 16.98782128508104 nan 1.9   
61 366 0.20213916934416537 42.76888863855575 15.518503819785131 1.6196888942356352e+01 18.089878138062666 18.499473012260584 1.6173511669636795 16.73281602513067 nan 1.9   
62 372 0.1598876235445848 39.76559668978873 15.518503819785131 1.8255265549436430e+01 20.455804965590396 22.13635555507232 2.656301106367998 18.868490023297017 nan 1.9   
63 378 0.12533273072446904 34.103527558441726 15.518503819785131 1.7700004476773810e+01 19.53594902298848 20.48337729380754 2.297320989840081 17.77771305564261 nan 1.9   
64 384 0.12773270349592467 36.330546594381154 15.518503819785131 1.5938621361555654e+01 18.370741670559095 19.762557522306032 1.5703868257081623 17.760447768521438 nan 2.0   
65 390 0.1247544575502916 38.36378507969802 15.518503819785131 1.6042828572792445e+01 17.934389241990402 18.554516184050524 2.0072555412402693 16.463757470623907 nan 2.0   
66 396 0.09873867299646877 47.37342950953813 15.518503819785131 1.6778813384731091e+01 19.109294024744237 21.35006262356 2.4202192257867488 17.010119561853433 nan 2.0   
67 402 0.09803682469705409 42.01458105906975 15.518503819785131 1.7250138979208867e+01 18.85962601492327 21.90967175215432 0.9317218080547001 18.08557616492394 nan 2.1   
68 408 0.10161306788425022 45.79287673232606 15.518503819785131 1.6631376912596515e+01 18.320481412744808 21.16584897857387 2.554758027651854 16.947221330453285 nan 2.1   
69 414 0.10927823990217751 37.082186857289045 15.518503819785131 1.6881857478921464e+01 18.072787479086667 20.971089734418143 1.3104011344540751 17.08564389731651 nan 2.1   
70 420 0.08720499801826033 30.26229525821871 15.518503819785131 1.6247067067622762e+01 18.000961578087868 19.723540751904274 1.767554274235323 16.86245732691287 nan 2.2   
71 426 0.08066225173968701 30.355836063822967 15.518503819785131 1.6449295659075851e+01 18.61377192178904 19.57149323552211 1.6863325713286557 17.537800021121843 nan 2.2   
72 432 0.10213403085662219 33.97717260058911 15.518503819785131 1.5953562254112629e+01 18.116666399417166 19.400591168154868 1.4131071914284306 17.256460116047784 nan 2.2   
73 438 0.09732487554556232 28.20119707904159 15.518503819785131 1.6391257875820052e+01 18.198690808409328 21.216195773928984 2.9281081402317852 17.851049831904277 nan 2.2   
74 444 0.11406930028247017 35.736889908786814 15.518503819785131 1.6663210957362207e+01 19.404562370023072 23.87449180181243 3.8105972562162798 17.628500425664658 nan 2.3   
75 450 0.16101311719840783 51.18800152424708 15.518503819785131 1.7541084273345660e+01 18.749329278569665 20.001531657434356 1.0331307213650192 17.9989163967842 nan 2.3   
76 456 0.1409361009460939 43.844305712885266 15.518503819785131 1.6867152103903191e+01 18.67631639184848 20.460072845017173 0.6771255637184588 18.424146018240442 nan 2.3   
77 462 0.13233473732232687 44.702568484797794 15.518503819785131 1.5895432158423768e+01 17.353535617299023 18.83634611346648 1.105484397284016 16.62468988485817 nan 2.3   
78 468 0.12772512700290983 58.59740285095416 15.518503819785131 1.7085464199394181e+01 19.23739370804355 20.303580859416968 1.5339674219108588 17.749692687622417 nan 2.4   
79 474 0.1629157443777835 63.013062868006045 15.518503819785131 1.6424660373524702e+01 18.803867295994817 19.106633451973902 0.6912732005116204 18.16623529185239 nan 2.4   
80 480 0.139353067962449 76.27775563336178 15.518503819785131 1.7471139709796248e+01 17.957361179329784 19.000059545679164 0.6639068748407944 17.647731456855716 nan 2.4   
81 486 0.15438321027735505 71.98303088893475 15.518503819785131 1.6207186531150647e+01 17.031901067724444 18.208931147779943 0.6813293245899601 16.66832258286788 nan 2.5   
82 492 0.1259144662220243 88.92344128747365 15.518503819785131 1.7123990833086694e+01 19.43601754952459 20.303352193923757 2.9444518532349804 17.331581657593038 nan 2.5   
83 498 0.09819846540102302 71.2866667317393 15.518503819785131 1.5892574630802352e+01 17.770467061885878 18.707135569681846 1.1684409727836425 17.05178251013916 nan 2.5   
84 504 0.09765729034618324 64.04691305292579 15.518503819785131 1.7577692638981969e+01 19.090014356234928 22.345060322367672 2.0809042633188994 17.795285783401308 nan 2.6   
85 510 0.10272049964666695 73.83329477902781 15.518503819785131 1.6198382637622821e+01 18.11888598939667 18.52115020660918 1.514786609548608 16.619483892091548 nan 2.6   
86 516 0.12746215235456199 84.19829774794403 15.518503819785131 1.6036224881341894e+01 17.66176054003978 20.680043483637125 1.2678251144282058 16.55732848233202 nan 2.6   
87 522 0.1558140391980453 76.10589183241336 15.518503819785131 1.7206784403371199e+01 17.640843400586434 19.277303504214608 0.5662420241099042 17.482222464034916 nan 2.7   
88 528 0.14813284383956116 84.90661608063816 15.518503819785131 1.6395706567145101e+01 17.6257160668755 18.183068479203538 0.8024272891961814 16.942950472744023 nan 2.7   
89 534 0.1362038933878829 82.66885955856347 15.518503819785131 1.6341448911686147e+01 18.058741313165992 19.016071058909088 1.5725678185406444 16.491378584907654 nan 2.7   
90 540 0.18062624128323437 91.10370721102895 15.518503819785131 1.5612617072729496e+01 18.683712850065778 19.011339015847998 1.6212631534934658 17.11515432885228 nan 2.7   
91 546 0.14869009627369745 139.9576469752728 15.518503819785131 1.6632637377315579e+01 17.80012614245865 19.512113229430263 2.045100944107375 17.250987706210235 nan 2.8   
92 552 0.12340544798000476 134.57352079847823 15.518503819785131 1.6234585447929838e+01 18.254567250601625 19.697620840623017 2.6114752384978956 16.810937149678644 nan 2.8   
93 558 0.11034458321411829 117.6485629829806 15.518503819785131 1.7011989894247254e+01 17.891022811582772 18.492496239514615 0.5051765955530101 17.6170642337577 nan 2.8   
94 564 0.09107002294635023 95.6372363553929 15.518503819785131 1.5910667781729057e+01 20.277557733701492 20.946437216368686 2.594434785503328 18.307053933967275 nan 2.8   
95 570 0.09667923743719296 103.08413134204105 15.518503819785131 1.6825569924852310e+01 17.934290800527442 19.573689409543707 1.3285549906817664 17.529859287707286 nan 2.9   
96 576 0.08147340414150764 84.90014913184821 15.518503819785131 1.6362778619657174e+01 18.85736518936773 19.849851009461688 2.8103107458191943 16.68189927720165 nan 2.9   
97 582 0.08152002956774666 80.37130717917677 15.518503819785131 1.6162532204865673e+01 18.089953075793243 20.477140015612466 1.6483145802350485 17.07826121649107 nan 2.9   
98 588 0.09080482328095542 88.65184386779775 15.518503819785131 1.6661206312236381e+01 18.53430006547004 20.83377709399519 1.2503153876814252 18.07977402089046 nan 3.0   
99 594 0.07493227767409472 108.31426190167036 15.518503819785131 1.6814702011424352e+01 17.783371368099363 19.430683490122643 1.474321305547516 17.360946760906458 nan 3.0   
100 600 0.0916280708134066 94.52784941736262 15.518503819785131 1.7527297265596964e+01 18.74227485733591 18.958265427725976 1.0238179757397106 17.739365270335504 nan 3.0   
101 606 0.1341109946424369 64.26067567828201 15.518503819785131 1.6997873325998427e+01 17.931881572939258 22.98662657658517 0.7272737493865122 17.496237832921114 nan 3.1   
102 612 0.16913546611861668 72.13875163537676 15.518503819785131 1.7754461013604889e+01 18.832451642029966 19.227715874037226 0.4170865618672046 18.435401333216536 nan 3.1   
103 618 0.13928193836946642 62.43884547285742 15.518503819785131 1.7230210294478930e+01 18.212667806292046 18.955141057307248 1.0852321410596986 17.56329506484046 nan 3.1   
104 624 0.12172085870399452 56.84251175014693 15.518503819785131 1.7186848113801602e+01 19.043439234354473 21.401407273241762 2.2982345277615295 17.378198067076465 nan 3.2   
105 630 0.0932818016306923 59.929247222003625 15.518503819785131 1.5840433442296639e+01 18.027972518747937 20.604029116132132 1.919547438649328 16.969353701465888 nan 3.2   
106 636 0.07753947244601717 51.66749129337762 15.518503819785131 1.6781260946547587e+01 18.76277943128601 21.35116941953477 2.2978132142208665 17.274957942309143 nan 3.2   
107 642 0.0653605698636513 50.59037844064879 15.518503819785131 1.6054446106055504e+01 17.799574045861483 23.29328963668911 1.1741718327103143 17.15101804180624 nan 3.3   
108 648 0.06311432469258918 53.63003160641411 15.518503819785131 1.7022814139069730e+01 18.605561415430778 20.238376233609298 1.4664596566033374 17.381762340008397 nan 3.3   
109 654 0.06197256199234219 59.429143993905505 15.518503819785131 1.6684065992767433e+01 18.520038762961818 19.618823148777363 1.783178960090222 17.443022234388778 nan 3.3   
110 660 0.06930174307700745 55.32189305630755 15.518503819785131 1.6231298687366131e+01 18.19453452810686 20.950817782101847 3.415176246137449 16.49192616229298 nan 3.3   
111 666 0.07915587217295868 51.57826047411999 15.518503819785131 1.7821474052694953e+01 19.295812066299543 22.104644312734997 3.579666325482613 17.902030686467505 nan 3.4   
112 672 0.06185704744228967 62.39929941534961 15.518503819785131 1.7006324929755277e+01 17.75688489091941 18.770484516784588 1.0058748820861503 17.175224277162194 nan 3.4   
113 678 0.047917319116169144 82.65816837543031 15.518503819785131 1.6790359567398582e+01 19.444257346184024 21.562808535689978 2.2014691246950377 17.68470160796071 nan 3.4   
114 684 0.0501232431059321 78.41884177266432 15.518503819785131 1.6388194380020813e+01 17.8655580973699 18.903636504156665 0.6065849057555148 17.469369213112532 nan 3.5   
115 690 0.04949615294895581 75.9233019768967 15.518503819785131 1.6240915047691260e+01 17.159305946421654 18.100693973972856 1.5739086393406012 16.418834241430055 nan 3.5   
116 696 0.03921206700378691 79.4740433827398 15.518503819785131 1.7254399144359869e+01 19.170782553044788 19.977877310535064 1.744528684457908 17.471147264075004 nan 3.5   
117 702 0.03410375466838736 83.66928189090046 15.518503819785131 1.6673636250517454e+01 21.19025113413162 22.272915663538406 4.624981253944753 16.868484467174145 nan 3.5   
118 708 0.026881712097556857 89.7982373910927 15.518503819785131 1.5789456813155907e+01 17.736677683598273 20.082535983778033 3.8084476169436012 15.980546846578017 nan 3.6   
119 714 0.019557866651983835 83.79664198786634 15.518503819785131 1.7207661579928786e+01 17.802589723482694 20.34124987474671 2.894562042918796 17.26224022469009 nan 3.6   
120 720 0.015433024314229533 74.24483306290057 15.518503819785131 1.6591044761682628e+01 18.035685905631528 18.457429266567754 1.0666002525057152 17.077619788112095 nan 3.6   
121 726 0.012101816806012897 79.94130225451796 15.518503819785131 1.6587908453417612e+01 17.074700280837643 19.28160583715474 2.3367945518859834 16.710938291457698 nan 3.7   
122 732 0.013127504356044935 85.55744192312866 15.518503819785131 1.6633708690945166e+01 19.245990427927392 21.03066508383927 2.3886829954366604 18.173061069667284 nan 3.7   
123 738 0.016796446795879452 81.71381322312679 15.518503819785131 1.6679194652796138e+01 17.611696206875123 22.206253544756464 0.41656306294869694 17.401699166488953 nan 3.7   
124 744 0.016536343486169003 129.32135791769107 15.518503819785131 1.6384329230511160e+01 18.65078013421006 20.40747014872263 3.0387330998784563 16.67407553287751 nan 3.7   
125 750 0.015833434036442665 112.7456963256916 15.518503819785131 1.6488102808382116e+01 18.337891884585623 21.265757795057848 3.3610982123112265 16.634317287202908 nan 3.8   
126 756 0.013762241454299143 113.565090843992 15.518503819785131 1.5949870050293864e+01 18.412804472615687 19.34130588398541 0.907447575266012 17.64824034095683 nan 3.8   
127 762 0.013120559742606612 106.72084687463192 15.518503819785131 1.6464032795528482e+01 18.30941219258619 20.75918426374821 1.3864467708899895 17.033876292811065 nan 3.8   
128 768 0.01509689728339797 96.84374205088672 15.518503819785131 1.6736468175723076e+01 19.367793027630785 25.296357464898332 1.2324409341682596 18.38465301757044 nan 3.9   
129 774 0.02102456241088256 104.95556035198054 15.518503819785131 1.5781971166454603e+01 16.701498366400457 18.069404101868354 1.1987162262095055 16.386423286396777 nan 3.9   
130 780 0.016692890898721748 126.75383653262962 15.518503819785131 1.6944823788404218e+01 18.12128164728764 27.94150765626457 3.156026595552678 17.173522708994543 nan 3.9   
131 786 0.020133976038504166 127.49661896239253 15.518503819785131 1.5586284679589038e+01 17.60610068482548 21.506288421899093 2.883998618207581 16.429444570230554 nan 3.9   
132 792 0.014839585786749973 165.7437451442473 15.518503819785131 1.7213031770176563e+01 19.24714650160603 19.48105800639488 1.639320626975671 17.709289319735777 nan 4.0   
133 798 0.013937310563460854 163.27582367689098 15.518503819785131 1.6908151300148159e+01 18.447078855934045 22.933811053710418 1.5523808229396145 17.631991420731648 nan 4.0   
134 804 0.011302214871190795 175.14588187283795 15.518503819785131 1.5845303976427955e+01 17.23556242600978 18.130724965281228 1.221654284444007 16.58114462614083 nan 4.0   
135 810 0.01295069500161205 172.81270336437782 15.518503819785131 1.6381917498551282e+01 19.10534485828109 19.86344384113814 2.085353165485948 17.591275498258003 nan 4.1   
136 816 0.012516088608508617 153.81501155451957 15.518503819785131 1.5545088081476713e+01 18.8625991861925 21.433024880198463 2.321688594819687 17.34434536174187 nan 4.1   
137 822 0.01048946674493343 163.75249282178928 15.518503819785131 1.6087788523136823e+01 18.92626363131704 22.798185817463846 2.77560783443025 16.67254705009115 nan 4.1   
138 828 0.009330217336686163 156.07165833960897 15.518503819785131 1.6139178953689314e+01 19.197420003618017 19.72129550739501 2.3702767388137644 16.891326233828593 nan 4.1   
139 834 0.012374149982250483 154.76057051472367 15.518503819785131 1.7250900386528578e+01 17.68641572004491 19.215733297593125 1.0793704336571928 17.278270103765568 nan 4.2   
140 840 0.01159875553542951 171.32314272119785 15.518503819785131 1.6966594662943034e+01 17.809310360516708 21.626840253561177 2.2346496260486894 17.11423568615299 nan 4.2   
141 846 0.01323465752522813 195.93578034324494 15.518503819785131 1.7443169437580146e+01 18.911090864249868 21.777586711793703 1.1627299939991715 17.7823297520966 nan 4.3   
142 852 0.015871272357526667 207.50111454955749 15.518503819785131 1.5766153444271989e+01 17.44861106309124 21.09840908880679 2.601916410572123 16.3690973369179 nan 4.3   
143 858 0.011451842092708723 296.59131894179956 15.518503819785131 1.6435388322607075e+01 18.734846834873306 20.025653804973132 2.469362296402654 17.1290229098223 nan 4.3   
144 864 0.010851115487518775 321.3532640057341 15.518503819785131 1.6833089212367156e+01 17.825964475534615 18.57621366896901 1.0095535485304339 17.07305394045164 nan 4.3   
145 870 0.014274240542820827 310.7885233642944 15.518503819785131 1.6893244962327898e+01 18.18479177781309 20.31964586155321 1.4887503015762995 16.965255337814718 nan 4.4   
146 876 0.012302853024735905 342.56105733651384 15.518503819785131 1.5660591431049314e+01 17.562426358767123 20.849687477769407 2.0074869009839382 16.486031405770788 nan 4.4   
147 882 0.015280721334148947 395.222204058492 15.518503819785131 1.6711357955970740e+01 18.629338017008426 19.514575120505977 1.1277005516010448 17.66066673150301 nan 4.4   
148 888 0.01388963730186455 362.1278818900123 15.518503819785131 1.6286145848475606e+01 17.873621388816467 18.56524903499694 1.3159459752428369 17.23400598293419 nan 4.4   
149 894 0.011544821642890477 430.9582426412966 15.518503819785131 1.6790120040639373e+01 18.57832127284945 19.256817354798528 2.0874983741862323 16.90270165644461 nan 4.5   
150 900 0.00925250393643862 416.16240902297125 15.518503819785131 1.6790493819073614e+01 18.337817343502913 21.322837599966107 2.837947303412559 17.927172678881696 nan 4.5   
151 906 0.012814974926512575 425.45657293488625 15.518503819785131 1.6298648263025907e+01 18.2911636557127 19.315417690709012 1.9300223794788316 16.859458018037255 nan 4.5   
152 912 0.01595402499659687 309.9008957159136 15.518503819785131 1.6650330855836579e+01 18.595797241690853 20.470392275579545 2.545231117458247 16.921857337817475 nan 4.6   
153 918 0.01458721645777793 271.7276379100116 15.518503819785131 1.6404965239445740e+01 17.93160461766111 21.12534490302822 4.112885282622059 16.816736275510745 nan 4.6   
154 924 0.011559358691052055 253.39319216577675 15.518503819785131 1.6554738085028767e+01 18.88717143921794 19.877869455449172 1.6644707129781047 18.072345827944726 nan 4.6   
155 930 0.009783544067600888 259.86518085889475 15.518503819785131 1.6385165961681924e+01 18.03000431246267 21.510410259317464 3.163605633451919 16.40010771408888 nan 4.6   
156 936 0.008217120544568203 321.9918533483137 15.518503819785131 1.6709779029063359e+01 18.734288143095693 20.931866029835323 2.514734096121728 17.93648627942817 nan 4.7   
157 942 0.007393203470498813 313.90653397208405 15.518503819785131 1.8028805341380956e+01 19.286334311492347 22.273971571082328 1.589744546970401 18.102005794713005 nan 4.7   
158 948 0.007448338828295666 315.8264061599125 15.518503819785131 1.7163405386705556e+01 17.69581059348041 19.83938854357394 0.7199918907194807 17.643548474527027 nan 4.8   
159 954 0.009595441337801564 250.9578045940593 15.518503819785131 1.6305342164203992e+01 18.70895317095458 21.01737488423343 2.7311613849564758 17.294042064693716 nan 4.8   
160 960 0.008986879923826917 181.92216334260726 15.518503819785131 1.6676124616652491e+01 19.153834495457552 22.425057040764873 1.9318066925157389 18.3388437477779 nan 4.8   
161 966 0.007899155167992066 205.95975030669547 15.518503819785131 1.7764616001111335e+01 18.8942693941772 20.623512962051215 1.6858282431097145 17.92112901174888 nan 4.8   
162 972 0.010261774366737992 259.4737323575311 15.518503819785131 1.6273080445612123e+01 17.427850747475805 21.787077494949802 3.3804126321867436 16.285458602396904 nan 4.9   
163 978 0.012100516109730043 326.0891714723547 15.518503819785131 1.6719407206358536e+01 19.329593076661126 20.036701055948352 1.1444728399236261 18.185234824411797 nan 4.9   
164 984 0.011798733999983683 258.82824249497395 15.518503819785131 1.6279772485175851e+01 19.854612571394327 20.867855837677627 2.7674859155094005 17.41902505432203 nan 4.9   
165 990 0.012139438435758609 297.2609732154897 15.518503819785131 1.6303628356775231e+01 18.983114000677112 19.869437063384726 2.3040319244624285 16.697911484921367 nan 5.0   
166 996 0.011528027893061583 391.2295469539668 15.518503819785131 1.7039056225077619e+01 19.508107769599654 21.040742060401893 1.6761982660047785 17.916363980256797 nan 5.0   
167 1002 0.015230603233520129 413.16918445837075 15.518503819785131 1.7075106706291649e+01 18.820314160834123 19.08720640603971 1.4085455997995986 17.60978117575329 nan 5.0   
168 1008 0.017354850057611466 428.3035961189506 15.518503819785131 1.6881861579260473e+01 18.66570046905247 20.47816753283301 1.3360502321654906 18.161643074940777 nan 5.0   
169 1014 0.013190811571671214 350.181675878818 15.518503819785131 1.7461519996361812e+01 19.028019848642067 20.970379355570312 1.1995050020099924 17.879189136581164 nan 5.1   
170 1020 0.012302953223410754 358.46365153755806 15.518503819785131 1.7391068023903504e+01 18.999475802329 20.29030890549387 2.552227566947767 17.563447219775284 nan 5.1   
171 1026 0.012316369998356213 379.48313189541966 15.518503819785131 1.7388430801757252e+01 18.6647608923879 19.28667649044898 1.375553293829256 17.90276457158924 nan 5.1   
172 1032 0.010383768902150049 309.4919667358643 15.43712093085021 1.5437120930850210e+01 17.660739096516632 20.598545007714726 1.874237422002409 16.093117326530766 nan 5.2   
173 1038 0.007472543568171945 297.64932576631844 15.43712093085021 1.5923250753557038e+01 19.019564682209822 19.902790480097583 1.6790570564502652 17.892045718538245 nan 5.2   
174 1044 0.008271841897345391 306.7915120420167 15.43712093085021 1.6812550546717208e+01 17.93940305229019 20.317857925708687 1.1964864882815078 17.165004390406196 nan 5.2   
175 1050 0.008369913118230583 233.30161190110277 15.43712093085021 1.6632677146085431e+01 17.497461683386646 20.480516214478115 2.1977369804676137 16.813093546488744 nan 5.3   
176 1056 0.0075074006481118255 211.06667405642065 15.43712093085021 1.5709349671648400e+01 18.889816386486686 19.25888175440279 2.0103797716981724 16.979569030169753 nan 5.3   
177 1062 0.005926215499910124 201.9441770721005 15.43712093085021 1.5890543056648637e+01 18.4412157409679 19.289648299076685 1.1477369984114851 17.49377779342014 nan 5.3   
178 1068 0.004693781008829668 194.34564922321826 15.43712093085021 1.7081084325818299e+01 18.83227327436152 21.027368452398466 2.7082069427951794 17.21345233307465 nan 5.4   
179 1074 0.004390946313292699 157.7762426109012 15.43712093085021 1.7428085818225345e+01 19.86341976255522 25.715779603895932 2.4203962327105053 17.611487951980816 nan 5.4   
180 1080 0.004313738005051956 169.94334841880013 15.43712093085021 1.7290383503185183e+01 18.76009420057945 19.892698951666677 1.8164464553805644 17.54627251755053 nan 5.4   
181 1086 0.003656738857504174 225.94387833078974 15.43712093085021 1.6146200032111086e+01 18.59479914672572 21.848547327189916 1.4274695992015332 17.42893647992215 nan 5.4   
182 1092 0.003915408587343009 226.77023033529545 15.43712093085021 1.6885227971322777e+01 17.593167515920953 26.245297098870488 0.9661402766022036 17.05219409214767 nan 5.5   
183 1098 0.0037165874957364006 186.45981846528446 15.43712093085021 1.6614568575534733e+01 17.646029820227646 21.096888807380655 2.8470934889612565 17.30797333717298 nan 5.5   
184 1104 0.0044526114754627364 164.2743426725617 15.43712093085021 1.7450513670843634e+01 18.17593552222203 18.49626303837177 0.7264063558499423 17.681777928496295 nan 5.5   
185 1110 0.004437565701476779 164.04953630678096 15.43712093085021 1.7713383304974698e+01 18.865247965425873 22.697838606175413 1.6676965316981445 18.250099701519485 nan 5.6   
186 1116 0.004080240773366139 180.14351462965016 15.43712093085021 1.9035113089458253e+01 19.35410657137465 21.916999556705672 2.303864115990894 19.18794728993943 nan 5.6   
187 1122 0.003687578118129269 174.15773739891569 15.43712093085021 1.6970229701542760e+01 18.52294532226341 19.93214848680406 2.4165243973080024 17.14466723279555 nan 5.6   
188 1128 0.003292852895544181 150.69012002912754 15.43712093085021 1.7000833520037453e+01 19.10742176015527 21.300908597136413 1.5148017945018495 18.6090696279969 nan 5.7   
189 1134 0.0033117574816573583 121.57451883749663 15.43712093085021 1.6113866576134352e+01 18.21635236472197 20.832665973590142 3.106154117949192 16.50162947986481 nan 5.7   
190 1140 0.0030370007967914347 135.67592630659297 15.43712093085021 1.6183462379342505e+01 19.587290551984704 20.01311407763515 1.9600535716198486 17.68988884824232 nan 5.7   
191 1146 0.003491667739869678 123.56066731984178 15.43712093085021 1.6282051187144905e+01 18.13193124390343 22.17299488261554 1.2765274726811597 17.296700615616555 nan 5.8   
192 1152 0.003936232432767705 112.26554041243858 15.43712093085021 1.6158902331980133e+01 19.081000249242347 20.540603650241593 2.0438882855874745 18.182478746770137 nan 5.8   
193 1158 0.0036825387501127453 104.08372546830243 15.43712093085021 1.7237600594114276e+01 19.58785128945023 19.919662488374104 1.901313360920394 17.865830516775368 nan 5.8   
194 1164 0.003869928269855238 111.62694603638681 15.43712093085021 1.6585502260779080e+01 17.436067835353036 18.169529501504794 1.2591547693180978 16.69774829189152 nan 5.8   
195 1170 0.003806921518183225 99.42659381548681 15.43712093085021 1.7088097827918020e+01 18.356503279389738 21.836938124619394 2.9394962179132627 17.088644646034435 nan 5.9   
196 1176 0.004757655798846734 96.56606345555626 15.43712093085021 1.6867729134731345e+01 18.55859672068806 20.0101559485411 1.2645247673545548 17.77136413998899 nan 5.9   
197 1182 0.0036976643223175314 99.10664908698594 15.43712093085021 1.6781671487255004e+01 18.7469296387794 21.178237567134996 1.733324389003748 17.248546247383292 nan 5.9   
198 1188 0.0037513192573845797 128.75847239775 15.43712093085021 1.6538369054220411e+01 18.57016829845871 19.361717310461355 1.3952863029298257 17.709925158833286 nan 6.0   
199 1194 0.002810463311409178 132.95835547473288 15.43712093085021 1.6378597926471397e+01 17.06574619127285 20.57262158069706 3.7461894697275575 16.403670770063567 nan 6.0   
200 1200 0.0021962784058994927 132.99364601569894 15.43712093085021 1.8022683494310833e+01 19.64705568118235 20.932257462770785 1.122729478694442 18.758134758743484 nan 6.0   
201 1206 0.0018386465373574081 119.88236339268467 15.43712093085021 1.6690713640576153e+01 18.139525592907475 19.872150951583013 1.3838313234069872 17.514741608928244 nan 6.0   
202 1212 0.0018658745734824011 130.84212018869624 15.43712093085021 1.6245074274324320e+01 18.088330035095233 19.115503115807396 1.4938773716548255 16.786862877556267 nan 6.1   
203 1218 0.0021992540691190988 159.15175650727198 15.43712093085021 1.6965882616457939e+01 17.699988485101873 18.646837087599817 0.6946269498598241 17.44109524829287 nan 6.1   
204 1224 0.0020438505924490545 127.63390487380295 15.43712093085021 1.7646377366984247e+01 18.578436990818897 24.21289160520749 1.203882465145636 17.680699717202522 nan 6.1   
205 1230 0.0019487792192330994 122.99832416323144 15.43712093085021 1.6428278188911154e+01 19.60817841691369 20.539606248943496 3.754902819397685 16.443221400309973 nan 6.2   
206 1236 0.002023810139644291 106.45435593773087 15.43712093085021 1.7414039447874213e+01 19.120594066180676 21.16496501958029 2.2161050001242266 18.050987027802574 nan 6.2   
207 1242 0.0023414626670858626 104.9932181415323 15.43712093085021 1.6488329692022084e+01 17.65413807119371 18.209950937855847 1.0105849880226394 16.919779330226458 nan 6.2   
208 1248 0.0024564815237144073 103.00020459199376 15.43712093085021 1.6429097773196158e+01 17.73716468907474 19.22871287134514 1.199502621540713 16.998377101425508 nan 6.2   
209 1254 0.001955713982518751 74.91687680863684 15.43712093085021 1.6777348061328617e+01 18.11594215837003 21.1980691223797 2.5380193484984517 17.09848116532029 nan 6.3   
210 1260 0.0015996472587557244 71.71199429489829 15.43712093085021 1.5922826031463281e+01 18.236550872567296 19.482790287064358 2.961032004314312 16.074667135316748 nan 6.3   
211 1266 0.0015087320467116186 56.06456140489694 15.43712093085021 1.6504594146864747e+01 16.884428963791432 17.38793764983338 0.3738006595930301 16.51173803634927 nan 6.3   
212 1272 0.0012496624931683708 61.750913983731905 15.43712093085021 1.5700845627696948e+01 17.711793855588528 19.234409199940142 2.8288201718885553 16.38011238542873 nan 6.4   
213 1278 0.0012214395913947567 64.43206334382306 15.43712093085021 1.7558037766456241e+01 20.673388261431995 22.35071612107327 2.421316094470381 18.42314291264524 nan 6.4   
214 1284 0.0014583555671202567 54.574971305758645 15.43712093085021 1.5969337353526761e+01 18.192091131979854 21.6427394258506 4.163779540688449 16.79763623280472 nan 6.4   
215 1290 0.0022150444878626147 43.28161149185722 15.43712093085021 1.8205054136866558e+01 19.213067618578943 20.324516057442494 1.15073291936352 18.65768218477273 nan 6.5   
216 1296 0.001994293839016822 35.426247789397834 15.43712093085021 1.7102577177483560e+01 18.251844684138316 19.18148180646885 1.2036695873040557 17.71269372568093 nan 6.5   
217 1302 0.002185343683871483 42.66534403828019 15.43712093085021 1.6488747138118974e+01 19.505898383876243 21.53091052734976 2.620190510546408 17.058379409297217 nan 6.5   
218 1308 0.0029963284249390843 35.55337995289756 15.43712093085021 1.7026471126054787e+01 18.710963484489906 19.29524887454175 1.744938100262491 17.20928913722292 nan 6.6   
219 1314 0.0024308105754656307 25.390387715275367 15.43712093085021 1.8015511046264386e+01 18.380715775780246 21.03886632232895 0.5505046491728436 18.07748296663252 nan 6.6   
220 1320 0.0025646965247632845 22.5425955296021 15.43712093085021 1.6271609375704550e+01 18.206913742248904 19.79577503356469 2.5267692595386073 16.659385170218016 nan 6.6   
221 1326 0.0022380401582929427 19.317467469025615 15.43712093085021 1.6402457035209633e+01 20.28752997311961 20.79791998596889 2.3216392387621028 18.305252977255243 nan 6.6   
222 1332 0.0023232220165263686 20.536016162661685 15.43712093085021 1.7012731014769123e+01 18.760985633585733 19.769380738258967 2.574126843116595 17.017661768500904 nan 6.7   
223 1338 0.0025264459691157213 22.944429514229324 15.43712093085021 1.6159730224211032e+01 18.44498187532056 19.463046091076265 2.4321604066623124 16.207364811649086 nan 6.7   
224 1344 0.002799580959459634 25.88533942521543 15.43712093085021 1.6611575024080793e+01 17.316292812560054 18.522847449947605 0.7677691581974209 17.1114435836914 nan 6.7   
225 1350 0.0024636190705205085 22.96282166816808 15.43712093085021 1.6269526521664250e+01 18.654465064108653 19.6344571887403 1.5827077186953034 17.599401893447297 nan 6.8   
226 1356 0.002850856009438087 20.881249392604413 15.43712093085021 1.6242279370558613e+01 16.83789265134469 17.98358921710666 1.0355258556559086 16.400648027730018 nan 6.8   
227 1362 0.0030854455556569454 22.643297411062214 15.43712093085021 1.5765374532116819e+01 18.41202489926504 20.318912451577077 2.8329511880599973 16.10406616500768 nan 6.8   
228 1368 0.004414482723715357 25.41383868107522 15.43712093085021 1.6397493622214398e+01 18.260184259463273 19.779670061555024 2.022935785540195 17.04131457724096 nan 6.8   
229 1374 0.0036493853268435026 27.102485526745966 15.43712093085021 1.7249389938425992e+01 18.141348636315985 26.177531970511378 2.15428939828735 17.659011305935618 nan 6.9   
230 1380 0.002911959964176791 32.80213272996854 15.43712093085021 1.6632316993704116e+01 19.843790599168212 21.26483413678071 2.2651511235253885 18.11470025551222 nan 6.9   
231 1386 0.0026850286348287684 33.98393630432966 15.43712093085021 1.5951513244238214e+01 17.78443521157109 19.67940694263611 2.428948455070884 16.08814479889099 nan 6.9   
232 1392 0.003058181175050911 36.43649807781555 15.43712093085021 1.8482262735884667e+01 19.106078402475447 22.196859486755805 1.2113140614263287 18.648758116399428 nan 7.0   
233 1398 0.0022123138453796934 40.39867742795066 15.43712093085021 1.6188962997127142e+01 20.17272593594476 21.339655936107743 3.5097356444021983 16.93410053368977 nan 7.0   
234 1404 0.001637245466432909 48.78312417086786 15.43712093085021 1.6035630972727766e+01 17.583629537034778 18.32119968590626 0.3240384230397808 17.41906398491669 nan 7.0   
235 1410 0.0013856263051818933 57.858809837024495 15.43712093085021 1.7686896012053190e+01 18.018909458127503 19.298327968432346 0.9063864222323303 17.716960020078833 nan 7.1   
236 1416 0.001304159728065201 67.49860208774678 15.43712093085021 1.6330432684059950e+01 18.419174350303308 19.479531724287426 2.543570980836602 16.475205925649423 nan 7.1   
237 1422 0.0011192351201536192 82.99657375739253 15.43712093085021 1.6777678730406024e+01 17.827686743174368 18.863720768983153 1.7911666462220275 16.847119941467096 nan 7.1   
238 1428 0.0009423411973952727 72.22706758505682 15.43712093085021 1.5676211782516342e+01 16.644017420718495 19.579344355082412 1.8865721688953982 16.540623332934558 nan 7.1   
239 1434 0.000963836282333575 74.91766534041287 15.43712093085021 1.6551022061261403e+01 18.867645228476377 21.38605762347113 1.157583920137224 17.839392583472033 nan 7.2   
240 1440 0.0007453652099512187 83.03386945086962 15.43712093085021 1.7747041409862561e+01 19.056543954666232 20.243871773299485 1.8312721968915007 17.81023911611245 nan 7.2   
241 1446 0.0005824331992015578 73.35815795270345 15.43712093085021 1.6505385844778189e+01 17.798920011467843 21.54728840604768 1.2128177421299569 17.45961200627685 nan 7.2   
242 1452 0.0006076711354373919 60.550628476497586 15.43712093085021 1.7661303328084536e+01 19.340290626701655 21.931743547934296 2.49760953321341 17.670429448616378 nan 7.3   
243 1458 0.0006962324081212142 47.03606721867986 15.43712093085021 1.6172333591379140e+01 17.39575437653354 19.699568524110678 3.0083063397373238 16.4360761218891 nan 7.3   
244 1464 0.000788355115477937 41.43681556820654 15.43712093085021 1.6697559242290211e+01 18.298380801985584 19.87217852103473 1.0151855900983513 17.45768200331423 nan 7.3   
245 1470 0.001085739308199283 40.103404215767384 15.43712093085021 1.6202191210306630e+01 19.032878021297474 22.420432357409716 2.5286180956624484 16.58094772374357 nan 7.3   
246 1476 0.0010569188423589615 26.767887344597913 15.43712093085021 1.5635181723854302e+01 18.177023087998894 19.60109742242637 1.5744934115232283 16.70475423665888 nan 7.4   
247 1482 0.0008832070538173259 33.24552817609892 15.43712093085021 1.6863148489253810e+01 19.17375416724507 21.279788212139984 3.5526436242030215 16.990457515155306 nan 7.4   
248 1488 0.0008565571035276002 34.74087001007658 15.43712093085021 1.6237641980087748e+01 17.659927270589414 17.821302402236277 0.6591398001555113 17.141191625084144 nan 7.4   
249 1494 0.0010059753584829168 29.128171621155662 15.43712093085021 1.6766354364871855e+01 17.37593131953612 18.261250863491963 1.1383314615186535 16.801176563915792 nan 7.5   
250 1500 0.0007561252965390535 38.30039061920516 15.43712093085021 1.6194457580910864e+01 17.54688410880042 18.811853315544198 2.0640454509676545 16.455773885972096 nan 7.5   
251 1506 0.0008456334986959492 37.891554233319305 15.43712093085021 1.6397418010808405e+01 18.43828578660812 19.7093491002329 2.5435087511508705 16.99515582992971 nan 7.5   
252 1512 0.000940121454138832 38.79155950291767 15.43712093085021 1.6142789363187536e+01 19.11312664803163 19.52530288054319 2.072805688041324 17.314585468723887 nan 7.5   
253 1518 0.0009756143143254142 39.402223548233174 15.43712093085021 1.6464198482749314e+01 17.149611033369702 17.979437609531487 0.6023919097959904 16.5682620596263 nan 7.6   
254 1524 0.0007987474209154768 53.33577941292672 15.43712093085021 1.6506558627006324e+01 17.658594222545396 19.681555146958686 2.503300296991597 16.922583056523127 nan 7.6   
255 1530 0.0008077560094966454 67.42507679041302 15.43712093085021 1.6294449357897296e+01 19.581252497888386 21.001763724219842 2.3146861739226274 17.28317121720012 nan 7.6   
256 1536 0.0006186337484108346 66.10819678042377 15.43712093085021 1.6040055583404460e+01 18.658836689237305 19.872684734133855 1.6068988083690208 17.230127829830664 nan 7.7   
257 1542 0.000595439980415107 74.05211916410445 15.43712093085021 1.5942458438346907e+01 18.359650517203892 21.976099657137866 2.617646340074291 16.37598253064906 nan 7.7   
258 1548 0.000664250818633144 85.20132612450688 15.43712093085021 1.7208861769103667e+01 18.395597290340916 20.31329239048745 0.4469844546475237 18.002625428571996 nan 7.7   
259 1554 0.0006004006607059815 99.86925506717512 15.43712093085021 1.6649479090702243e+01 17.5025254953659 21.057970286177465 3.2177182299399796 16.6536957613483 nan 7.7   
260 1560 0.0006275054047834006 94.752398406096 15.43712093085021 1.5985928814823115e+01 17.438662619698828 18.753325986566804 1.3100101197632092 16.14998401347753 nan 7.8   
261 1566 0.0006455262797795079 107.51624908867727 15.43712093085021 1.6849589313387916e+01 19.645565507897075 20.54551541645443 2.578578752318492 17.071277122292422 nan 7.8   
262 1572 0.0005087184321851621 111.68929711180878 15.43712093085021 1.6568249144491897e+01 18.605572125982597 21.030661679744128 2.482343924660565 16.825227037852713 nan 7.8   
263 1578 0.0005713620152978587 107.58029585696917 15.43712093085021 1.6900674652447801e+01 17.586843604306388 19.744697182019227 0.6430269801581758 17.041267603462803 nan 7.9   
264 1584 0.000475926973723959 111.93233255362807 15.43712093085021 1.6990259624561503e+01 18.922791008541868 20.476479595042417 3.313600196621355 17.094851055183746 nan 7.9   
265 1590 0.0004363057769696096 102.24695235712537 15.43712093085021 1.5742591888222305e+01 18.581307592680368 19.26275612422317 1.2839344884168185 17.333152504299825 nan 7.9   
266 1596 0.00043123314290881537 117.32995139448981 15.43712093085021 1.6845274431027065e+01 19.42438606064572 21.90544109221037 2.1988006186986873 18.946980966006546 nan 7.9   
267 1602 0.00048031514641931584 111.47963438019787 15.43712093085021 1.6343049136179200e+01 18.40306384817376 22.851587727482467 2.111536731570947 16.804879261841208 nan 8.0   
268 1608 0.0005274635277031416 142.29375039318631 15.43712093085021 1.7244366263096722e+01 18.641033113800358 20.89176561645524 1.3906397493434817 17.46817945411059 nan 8.0   
269 1614 0.0005733750697293647 172.50924594785013 15.43712093085021 1.6460357802121191e+01 18.453898347625003 20.47901081553126 1.218943438123052 18.14467721583554 nan 8.0   
270 1620 0.0006100425954972449 190.02841740270622 15.43712093085021 1.6840704091630364e+01 18.440602202499964 19.025266050535183 1.5428332685574837 17.017811605944445 nan 8.1   
271 1626 0.000531722522347822 155.7982385492271 15.43712093085021 1.6442519779289125e+01 20.02733934253121 20.63080645772197 1.7981132209211559 18.633887296884748 nan 8.1   
272 1632 0.0007377795208476917 144.56045075975229 15.43712093085021 1.6680679020126075e+01 18.310161741781197 18.934696939086045 1.543961857273569 17.334790550524584 nan 8.1   
273 1638 0.0007458501340065648 103.34542295658521 15.43712093085021 1.5803818017709681e+01 18.025652075046242 21.533035538353737 1.6323934170100642 17.084112568921775 nan 8.2   
274 1644 0.0007172365344657735 74.63235763261541 15.382937930573293 1.5382937930573293e+01 17.898056903857572 24.467443690101703 1.5408472584638169 17.47416157954337 nan 8.2   
275 1650 0.0006000389133669678 61.83279028664439 15.382937930573293 1.8282807215156065e+01 18.781600685517795 19.186447622666762 0.6121248246088307 18.330731403822618 nan 8.2   
276 1656 0.0005657996924274909 64.27513288199776 15.382937930573293 1.5860070945178048e+01 18.60260866860484 18.854686869059996 0.24847604112974508 18.4238238894071 nan 8.2   
277 1662 0.0006223250590123043 61.8968066007359 15.382937930573293 1.6397782444563585e+01 17.596618582436786 18.55177353593751 1.786478518867007 16.47126618772381 nan 8.3   
278 1668 0.0004979644524004607 100.48312109050268 15.382937930573293 1.6276429339771983e+01 17.442920270097098 19.902097905501925 1.2288520676971828 17.234651862776865 nan 8.3   
279 1674 0.0005348854879868055 104.2985155258781 15.382937930573293 1.6058142017852870e+01 16.953507274125673 22.52085234625771 1.7782639809041285 16.692750971106207 nan 8.3   
280 1680 0.0005975299969542509 131.1595807980973 15.382937930573293 1.6992512078427804e+01 17.760154671653027 18.151240389899026 0.0973764890327864 17.68177899672057 nan 8.4   
281 1686 0.0005628777597472565 134.5365110977072 15.382937930573293 1.7261967651398741e+01 18.535096613462297 22.52019069573505 2.4943479253016783 17.526220021906973 nan 8.4   
282 1692 0.00040469348136830554 149.79024728081157 15.382937930573293 1.6789349149121094e+01 17.576545965782454 19.628750394990718 2.1841156338611896 17.15810461033079 nan 8.4   
283 1698 0.0004530651221904986 122.08053790932107 15.382937930573293 1.6409186874088356e+01 18.033658384338626 20.388607412059613 2.3728525339114057 16.67913885841143 nan 8.5   
284 1704 0.0005696928359675049 116.8016278966786 15.382937930573293 1.6984820398086896e+01 17.51388290961571 19.1392239752823 0.6284848321239238 17.027855102164178 nan 8.5   
285 1710 0.0008348786411212425 119.66626328756382 15.382937930573293 1.7169538854588758e+01 18.43150531775741 22.544070969616723 1.6305625767935368 17.443389435930907 nan 8.5   
286 1716 0.0007827643230263724 148.07905138377362 15.382937930573293 1.6471762917910802e+01 17.505773634529536 19.88565657775802 1.3783512054675384 16.663653884744978 nan 8.5   
287 1722 0.0008474261179198666 186.01655704110647 15.382937930573293 1.7107365056548087e+01 17.91449526202572 20.50542115092106 1.9443709731921466 17.454829605311105 nan 8.6   
288 1728 0.0006646327271182813 211.96374589740637 15.382937930573293 1.6675085318715642e+01 18.099222308838993 21.04728793539693 1.875006302942868 17.60200891471508 nan 8.6   
289 1734 0.0005112654348381202 228.66965104439154 15.382937930573293 1.6165091422147544e+01 18.24736393952358 22.735868017457104 3.005575394306721 17.290461699593212 nan 8.6   
290 1740 0.00037072598258960264 260.3112567243665 15.382937930573293 1.6171558119830266e+01 17.487279313975183 21.576512131864177 1.1972096252795517 16.827191627162048 nan 8.7   
291 1746 0.00029883402963810744 272.72625223653864 15.382937930573293 1.5743388519124888e+01 16.866970368337537 20.708056660893362 4.218105123916839 16.22628163130628 nan 8.7   
292 1752 0.00030438941698764 222.65822386117392 15.382937930573293 1.6058061684835483e+01 18.16607513379267 18.993315144591964 1.9668342147645674 17.015398755481698 nan 8.7   
293 1758 0.00033140739474561747 257.5524795861973 15.382937930573293 1.7417234572964308e+01 19.310659801361076 21.133816555073363 1.4818006600201379 17.954535193957078 nan 8.7   
294 1764 0.0003432104101840506 294.23010614868826 15.382937930573293 1.6932687836539607e+01 17.721623199970296 21.061360302815654 2.50692938731412 17.03777751831139 nan 8.8   
295 1770 0.00032170283505523204 314.27286062890374 15.382937930573293 1.6817732756888354e+01 18.881970579131362 20.646321646339022 1.8189759048594674 17.290746958014203 nan 8.8   
296 1776 0.00028794153207305147 264.16910047644245 15.382937930573293 1.7346505527009242e+01 18.329333385576593 20.08229958925122 0.9984752239280894 17.455961032529604 nan 8.8   
297 1782 0.0002924155656843454 276.2261887866487 15.382937930573293 1.5711476234093482e+01 17.003316855541534 18.338573851005002 1.1804387795713467 16.13875182023141 nan 8.9   
298 1788 0.00036918350737490547 245.71861857792933 15.382937930573293 1.7024221935595200e+01 17.78050652711791 18.370072390657334 0.7919441130951874 17.11067543818844 nan 8.9   
299 1794 0.0004440758589336355 321.7057087084159 15.382937930573293 1.7453778930658075e+01 18.35695231197968 21.146186178940983 0.28315735031693734 18.123522730321532 nan 8.9   
300 1800 0.0006238163358869581 274.8086362474869 15.382937930573293 1.6528669039342930e+01 18.015922911344788 20.301913403824454 1.9553312222770138 17.160316281248424 nan 9.0   
301 1806 0.0005811680963604748 248.5600836707526 15.382937930573293 1.6945644636792224e+01 19.58164318685798 20.733903597446382 2.2253123871008285 18.004227799987962 nan 9.0   
302 1812 0.0007516231762239551 295.7743325802883 15.382937930573293 1.7549410655206984e+01 18.663353617046027 19.38332955168797 1.2385093686387378 18.111554992712932 nan 9.0   
303 1818 0.0009159928394125171 377.7820979550923 15.382937930573293 1.7057328463290442e+01 18.481792466502355 20.95261998209489 1.447036948049771 17.844948300488095 nan 9.0   
304 1824 0.0015232735246032028 292.96617272764723 15.382937930573293 1.6990991498304680e+01 18.740682959693398 20.37483272298996 2.1676243795437777 17.20240341082246 nan 9.1   
305 1830 0.0013102896575414192 303.5615328225853 15.382937930573293 1.7121416589815368e+01 19.607119791731314 21.298289079898613 1.4651116166814298 18.240635173336862 nan 9.1   
306 1836 0.00141077018752937 365.6855328169081 15.382937930573293 1.6824707969553259e+01 19.163734847667364 21.206408461501628 3.4034866112291837 17.506022144035956 nan 9.1   
307 1842 0.0013473677253077055 459.15351510960465 15.382937930573293 1.5997090733658423e+01 17.660986677345225 19.924152502761597 2.116942350652149 16.70255130676578 nan 9.1   
308 1848 0.0016718523835518295 439.4218832591487 15.382937930573293 1.6204032477013193e+01 17.456091089278374 18.726472548087546 1.4847419868170135 17.102694754959714 nan 9.2   
309 1854 0.0019096515815228761 629.2610053104652 15.382937930573293 1.6332464711955545e+01 18.020329855784354 20.913591712543386 2.2130000130268357 16.384061146710817 nan 9.2   
310 1860 0.001588954818071815 541.3903265605016 15.382937930573293 1.8191134978046847e+01 19.269309602511083 20.970456078353173 1.4295396615896756 18.527196064890827 nan 9.2   
311 1866 0.0015574663101936542 600.8270216674397 15.382937930573293 1.6358175865938840e+01 17.32677670532495 18.909806336257947 1.1901798076601011 16.743321229759463 nan 9.3   
312 1872 0.001451671559167694 724.8550414768575 15.382937930573293 1.6331915246861229e+01 17.529777917736975 18.7410383667177 1.4427744614921671 17.22597621305515 nan 9.3   
313 1878 0.001386309786543854 727.191479650222 15.382937930573293 1.7171933543597589e+01 19.477694986288974 20.215638183665675 2.290350077434951 17.539535507405773 nan 9.3   
314 1884 0.001461044110050089 800.1709213095252 15.382937930573293 1.6470277556831640e+01 17.659628294788657 19.040738602472377 1.4649823129404638 16.543109903884936 nan 9.4   
315 1890 0.001162736630330071 1052.9225237012595 15.382937930573293 1.6502678529630757e+01 17.357982779058595 18.945164716884836 1.8775066274125152 16.952510690691465 nan 9.4   
316 1896 0.001278120860453258 1025.2661282453766 15.382937930573293 1.6557247198472144e+01 18.045795595644254 19.9342398040665 0.9324005622573459 17.387342113317075 nan 9.4   
317 1902 0.0011169270817109737 945.3578231524643 15.382937930573293 1.8094774805978489e+01 20.79700291791377 24.542994517260535 3.565261164393995 18.374969545824616 nan 9.4   
318 1908 0.0008324341244099007 833.1380879635491 15.382937930573293 1.7253736937364511e+01 19.52814833749438 22.00578689869142 2.226818076674956 18.04929357426354 nan 9.5   
319 1914 0.0005825645412734326 745.106794916592 15.382937930573293 1.7164936501669832e+01 17.91124965024 20.46763355388698 0.42974487231046155 17.6665357639603 nan 9.5   
320 1920 0.000672583716496632 673.4580487104009 15.382937930573293 1.5885677804954025e+01 16.663226597610016 19.04612021106282 1.4919459037262897 16.335045552033503 nan 9.5   
321 1926 0.000779732411703349 703.4119896255352 15.382937930573293 1.5970892010165000e+01 18.705198767378345 20.65047914341829 3.640616982992558 16.414946798011513 nan 9.6   
322 1932 0.0007966014064540979 645.8103723393455 15.382937930573293 1.7008920981499895e+01 17.61777676367111 18.683386632419815 1.1481678842786707 17.096079686145067 nan 9.6   
323 1938 0.0007460213515426037 600.9598211006333 15.382937930573293 1.6973072530621408e+01 18.132372505450782 20.455344409830182 1.6808384895782247 17.127404088045306 nan 9.6   
324 1944 0.0006411202833528377 516.4214364586296 15.382937930573293 1.6334075763704604e+01 18.30815705506861 18.487918967656714 1.2882796276929405 17.11840816821779 nan 9.6   
325 1950 0.0005712470398527564 471.75091733223735 15.382937930573293 1.8062324164237598e+01 18.56544147101899 20.45152486733204 1.3316196871277413 18.124409172332673 nan 9.7   
326 1956 0.0006299276384996921 561.6188265969603 15.382937930573293 1.5818563115374030e+01 18.412902214757693 21.60769671074388 2.748224461076301 17.653121632436314 nan 9.7   
327 1962 0.00059811725858481 561.3881706419256 15.382937930573293 1.5696771321877485e+01 18.478888797371496 19.961286418633964 0.6912039591884032 17.811074856708508 nan 9.7   
328 1968 0.000606207279779066 480.6795092304171 15.382937930573293 1.7252459652763761e+01 17.938338487435487 18.262574803047446 0.839895618795321 17.375201382997915 nan 9.8   
329 1974 0.0005475471619210226 556.6725308845145 15.382937930573293 1.6391120636455813e+01 18.303377820462135 19.90015563801571 1.7931797039951363 17.95125568304606 nan 9.8   
330 1980 0.0005747145300302465 526.2718693258959 15.382937930573293 1.6894850101986670e+01 18.947580648920304 20.73370810175039 1.5210361738558795 18.534150893696722 nan 9.8   
331 1986 0.0006867310497712906 517.9330125894194 15.382937930573293 1.6559934737715693e+01 18.46930315421282 20.052001337166743 2.9492358638846525 16.794573556216402 nan 9.8   
332 1992 0.000811910124317738 399.4818523945343 15.382937930573293 1.6006519741879174e+01 18.659426614902124 21.393113981673597 2.257213078017479 16.633076819264414 nan 9.9   
333 1998 0.0011684527421889472 263.1057306189979 15.382937930573293 1.6954486262768619e+01 19.708967534695596 21.131026948478702 2.4463308191207602 17.545974121245035 nan 9.9   
334 2004 0.0015784430154231022 411.91906563166685 15.382937930573293 1.6117369483929924e+01 18.218220081814064 20.48774881736303 3.343819076571485 16.904475582887525 nan 9.9   
335 2010 0.0013875669138499428 267.5043883630947 15.382937930573293 1.6982812051020687e+01 17.98764327462193 20.453048545511702 2.2925581230043584 17.644812684664362 nan 10.0   
336 2016 0.001727708516685345 262.5288322356409 15.382937930573293 1.7219903405486768e+01 17.9750150332175 19.624472437442698 1.7380033214186064 17.515839486417555 nan 10.0   
337 2022 0.0017442463025951142 329.29453199441485 15.382937930573293 1.7240736290804321e+01 18.336851428128842 19.743812646648134 1.4330452193879104 17.504928064251864 nan 10.0   
338 2028 0.0017884289464848385 381.7586068890808 15.382937930573293 1.6785744754971958e+01 20.47330363522597 25.543628125757632 2.9259665436555267 18.369417453939334 nan 10.0   
339 2034 0.0018875586271351183 456.3746706849993 15.382937930573293 1.6091474445763318e+01 16.909048711190856 19.215778045120086 0.9629452310836442 16.143570108375638 nan 10.1   
340 2040 0.0020799791358566693 590.2177711920677 15.382937930573293 1.6035619584580324e+01 19.618712164469166 20.622635658322245 2.2758937473915495 17.915664106607544 nan 10.1   
341 2046 0.0022077094410658674 610.5530390362516 15.382937930573293 1.6800003688070603e+01 18.20282496027933 22.717751188167536 1.6861770972305585 16.874083217138704 nan 10.1   
342 2052 0.0019802064358520905 561.2697508009494 15.382937930573293 1.6478217364661877e+01 17.150802767993735 17.957254092970718 0.5677207964984383 16.656549880186727 nan 10.2   
343 2058 0.0015897435569223162 642.8608533004211 15.382937930573293 1.6721563451328510e+01 17.01792006864906 19.29033391000453 1.566346889103766 16.844885053671998 nan 10.2   
344 2064 0.001790961305926994 646.3529757617049 15.382937930573293 1.6498595104708013e+01 19.160770995481563 20.22943505008014 2.7054142852135676 17.11416894472167 nan 10.2   
345 2070 0.0017549675124381864 575.9805520547815 15.382937930573293 1.6570018970376044e+01 20.078576694000837 21.68906515566688 3.5475364682234307 16.648058140270727 nan 10.3   
346 2076 0.0016329320860881261 754.4724738652174 15.382937930573293 1.5883681768655325e+01 17.293240544216218 19.47733095754984 2.1478818646120104 16.93603750072194 nan 10.3   
347 2082 0.0016668652054378538 728.1801382032618 15.382937930573293 1.6192271762931423e+01 19.57830053551586 19.813017663985967 2.7266722896813107 17.06675650167493 nan 10.3   
348 2088 0.0014966018704922752 759.4099471546689 15.382937930573293 1.7422207215279506e+01 19.175381087014713 20.72401634404097 2.6718161279152177 17.78799164952829 nan 10.4   
349 2094 0.0012125669063430657 925.4571652776114 15.382937930573293 1.6663349070744740e+01 17.41865894552309 19.415143141709535 0.5613435125014874 16.93272330865692 nan 10.4   
350 2100 0.001381577380840944 688.8683069949446 15.382937930573293 1.7250099414246090e+01 19.33139352214091 21.183496463612094 3.5041717017882057 17.52991386848292 nan 10.4   
351 2106 0.0012606707264751298 593.640748162617 15.382937930573293 1.7671761940172317e+01 19.92867180479696 21.796275144698306 3.3012685686298546 17.780406496328254 nan 10.5   
352 2112 0.0015696993081867777 589.264213832326 15.382937930573293 1.6290539098769592e+01 18.925149277352933 19.77817134270911 2.413784339276038 17.195458487194557 nan 10.5   
353 2118 0.0022292021128831217 438.0271949766592 15.382937930573293 1.6559176143916236e+01 19.17023496209362 22.136911029205372 2.4277721175877787 17.934676096319674 nan 10.5   
354 2124 0.0025960300353738003 451.42314339208934 15.382937930573293 1.7329965882353687e+01 18.11265546192782 19.775380480840784 1.8332197416829317 17.603707785710142 nan 10.5   
355 2130 0.0035374114260494673 466.9010050443229 15.382937930573293 1.6141593909862735e+01 18.525187697198586 19.42945279527122 2.0863899909891828 16.83035069001018 nan 10.6   
356 2136 0.0036933966622752544 702.3234086887187 15.382937930573293 1.6061792015806333e+01 18.207288956423987 19.893499525366913 2.462698224120036 16.97551461641972 nan 10.6   
357 2142 0.0027607232179901286 722.9602733101303 15.382937930573293 1.6676222063114110e+01 18.09474359490056 20.267125623167903 1.205591405162064 17.299041650421366 nan 10.6   
358 2148 0.002347475616772696 935.7748157236537 15.382937930573293 1.7444145993491308e+01 18.814419146159885 21.044580329729463 2.003767791441298 17.485805155967686 nan 10.6   
359 2154 0.002142765261547178 835.0178596515628 15.382937930573293 1.6120360165187442e+01 18.656699605913598 21.85654250234277 2.4575477413254987 16.608670337804636 nan 10.7   
360 2160 0.0019090078329034286 754.8532340123028 15.382937930573293 1.6457194975663878e+01 18.851063041587892 20.801913927641326 3.0341369300681755 16.458932404747042 nan 10.7   
361 2166 0.0019461816802467142 689.1321889434669 15.382937930573293 1.6534680596600985e+01 17.58186158664094 23.864809128033823 1.5355003286444102 17.1215588176816 nan 10.7   
362 2172 0.001896210085208061 983.1170337913745 15.382937930573293 1.6681338082351576e+01 19.777622519545446 23.052023904894053 3.2894110372540197 16.927444234957452 nan 10.8   
363 2178 0.0016417289019895734 1060.2032097198944 15.382937930573293 1.6675097520760573e+01 18.742645477379146 19.488976693747876 1.9174290844060096 16.957917715116043 nan 10.8   
364 2184 0.0015606425552661268 1203.6453690502399 15.382937930573293 1.5962274093114656e+01 16.917937661440238 20.682605413249874 1.4235802674358276 16.420530218480422 nan 10.8   
365 2190 0.0017030168600711947 1107.824530003176 15.382937930573293 1.6366407948991327e+01 18.242793427072623 19.078272472663063 1.0936332355959841 17.798553871375884 nan 10.9   
366 2196 0.0017120473067728475 1477.8748814712956 15.382937930573293 1.6332838819580996e+01 18.345810420211414 20.013793996038597 2.4154133315286828 16.81878018160254 nan 10.9   
367 2202 0.0019103634780289795 2138.143766842845 15.382937930573293 1.6646563283050540e+01 18.700789802701202 19.39992974666869 1.66812875463172 17.723805623415423 nan 10.9   
368 2208 0.0020618764459659814 2516.4570307467593 15.382937930573293 1.6105500313897558e+01 18.703197185144617 20.24230312021802 2.4613793764654766 16.57608254352099 nan 10.9   
369 2214 0.0029283940746914674 2087.7848317067337 15.382937930573293 1.6112192800997725e+01 17.353417545152276 20.13573736881045 1.8212607226266044 16.62013363507003 nan 11.0   
370 2220 0.0027434414094302485 1476.767021326564 15.382937930573293 1.6437404239295606e+01 18.16129457068201 19.164353596119614 1.7032910577633622 16.715090995904642 nan 11.0   
371 2226 0.0027191745125647957 1266.4660333743286 15.382937930573293 1.6596101251858045e+01 17.491835388191195 19.7611938365847 1.9292740203199727 16.671739154115578 nan 11.0   
372 2232 0.0027434297592989036 1760.6892484260363 15.382937930573293 1.6834718273631843e+01 18.316431673701608 20.077243032508868 1.278809820665618 17.515251389486888 nan 11.1   
373 2238 0.0024407469991016254 1404.8333245174736 15.382937930573293 1.8230683517117900e+01 20.376487242811585 23.03219991857235 1.7970496873676858 18.749111973566016 nan 11.1   
374 2244 0.001837171401692767 1507.082864381892 15.382937930573293 1.6040610193141436e+01 18.177206022771443 19.316534414219028 1.6589641626000535 17.415226128818112 nan 11.1   
375 2250 0.0014798211219420334 1483.1125545060088 15.382937930573293 1.6600237236705599e+01 17.315461172646998 20.064404824572737 1.0874397112909655 16.91707536931677 nan 11.1   
376 2256 0.001246535823290255 1238.5124156975455 15.382937930573293 1.6437488548868597e+01 17.690519444080756 18.791015852454603 0.3461370455785797 17.37566201475854 nan 11.2   
377 2262 0.0014391727349532377 989.0482180853418 15.382937930573293 1.6499450974591529e+01 19.11769917808977 20.738203710752195 2.1927482437874097 17.51488559179398 nan 11.2   
378 2268 0.0015543798197200896 1164.601957041265 15.382937930573293 1.7839087084570615e+01 19.24344880910096 21.915364932914628 2.3786190358141397 18.34368819973186 nan 11.2   
379 2274 0.0017676260991985073 855.9334790569878 15.382937930573293 1.5882466614831392e+01 17.767859971046132 19.360309243486952 2.5963668694152453 16.7565677061551 nan 11.2   
380 2280 0.0014344002759273426 762.2222946877093 15.382937930573293 1.6398865039848097e+01 17.164743750936292 19.490392476115723 0.7310606946767351 17.02488255114409 nan 11.3   
381 2286 0.002120622621578955 738.0967631775998 15.382937930573293 1.6597818928618207e+01 18.090813792171016 19.266267875927312 0.5082090479418468 17.83623082785505 nan 11.3   
382 2292 0.0025196850934207093 744.1211188365212 15.382937930573293 1.7027107759203925e+01 17.7645585062237 19.9014404557152 1.368553547550448 17.293301623018483 nan 11.3   
383 2298 0.002293103391178348 885.1650130516473 15.382937930573293 1.7336953375042775e+01 19.06144150488798 20.197348568067568 1.6876263258527402 17.390682592467854 nan 11.4   
384 2304 0.002854814494908456 687.7768321219847 15.382937930573293 1.6063322813673778e+01 17.160945008267646 24.17690356902149 0.26127596419168597 16.97319866339736 nan 11.4   
385 2310 0.0028015137705593974 711.1030720747603 15.382937930573293 1.6155048461823643e+01 17.15078714402151 19.215953240130286 2.0221801201773175 16.35810396739172 nan 11.4   
386 2316 0.0029132299238636646 632.6510396058574 15.382937930573293 1.6509276383320273e+01 17.923257303713747 19.590546235291626 2.41327440141524 17.12207718274043 nan 11.5   
387 2322 0.0027642597624519378 488.8231756195283 15.382937930573293 1.5868068885864560e+01 18.34257224609882 19.246284856879683 0.6316896463184811 18.142952325419667 nan 11.5   
388 2328 0.003527415642782551 562.2460132463327 15.382937930573293 1.6516643894714832e+01 18.295195629149642 21.1251772117013 3.3437073147134946 16.997124659585115 nan 11.5   
389 2334 0.0031952581181973823 488.9803115369019 15.382937930573293 1.6211093013601101e+01 19.22810439362683 19.916072079076688 0.9850350654667004 18.720243551821504 nan 11.5   
390 2340 0.002899040964390541 481.13927702580656 15.382937930573293 1.6923960009084329e+01 18.490591100972622 20.76263907464885 2.8538604219681574 17.567777547028125 nan 11.6   
391 2346 0.002645180398604825 460.83982334221423 15.382937930573293 1.7038297295533194e+01 17.505149576812368 21.912082681166535 4.169840786419325 17.213443767995496 nan 11.6   
392 2352 0.003030604872895755 412.0441584824928 15.382937930573293 1.6097097960405225e+01 18.30583084073111 18.485362905595593 0.7830763953019471 17.656319621079437 nan 11.6   
393 2358 0.003611059707487716 455.3630262478866 15.382937930573293 1.7285549877582163e+01 18.612184012522707 19.8168462226015 0.7368304844863509 18.188610501155775 nan 11.7   
394 2364 0.0040497932909196 528.9691575606113 15.382937930573293 1.7808370046347719e+01 18.67487193228647 19.54855170422664 0.4957395825586062 18.355911496975978 nan 11.7   
395 2370 0.003911482344058018 508.01503200574444 15.382937930573293 1.6269341134893338e+01 18.11106445945975 19.176947844775537 1.4638689118039032 16.887671256253928 nan 11.7   
396 2376 0.004570401773512952 515.0635638892649 15.382937930573293 1.7021275296212945e+01 18.605556583153863 19.638969512542808 1.9622305278683783 17.110107286271777 nan 11.7   
397 2382 0.004614409927258769 405.0907820695 15.382937930573293 1.5886569036456384e+01 19.561194949784042 22.68829776712701 1.6353643586502251 17.968286437021074 nan 11.8   
398 2388 0.0035408746720979167 371.76467620503206 15.382937930573293 1.5959970078933416e+01 17.74499618716095 18.972045719306568 2.1682697937681077 16.436312507020208 nan 11.8   
399 2394 0.0034629037192457626 404.2053912460898 15.382937930573293 1.6320849872816257e+01 18.661723521549373 19.18822995439009 2.4009049858816525 16.421348566116773 nan 11.8   
400 2400 0.0026613663796847676 477.6573652950312 15.382937930573293 1.6681756750659122e+01 17.58521367504207 20.064158141654396 1.6075818939982263 16.894813751572332 nan 11.9   
401 2406 0.002445698670402832 347.1601031928139 15.382937930573293 1.5937360026329594e+01 18.537699441676416 21.48935064184914 4.748373879495929 16.641490384653547 nan 11.9   
402 2412 0.0026028116955427055 306.17744776708906 15.382937930573293 1.7877595325118289e+01 18.191456963947196 19.963889094834794 0.5160059297208299 17.941963964341376 nan 11.9   
403 2418 0.0023340496635554787 253.40475947963998 15.382937930573293 1.5876124678882771e+01 18.67203599754507 19.240709950733635 1.0463223653619913 17.906122461932014 nan 12.0   
404 2424 0.0026090227618814003 264.47745665984627 15.382937930573293 1.5731183151794140e+01 17.441573758931227 19.71352340255457 2.1446046405529593 16.778725066517442 nan 12.0   
405 2430 0.002470471711904423 310.61461758418545 15.382937930573293 1.6070449929012792e+01 17.61453130202566 19.243694540001766 2.538031446282858 16.69222780863911 nan 12.0   
406 2436 0.0019137124077917937 280.17641193230526 15.382937930573293 1.6411411252589534e+01 18.794548809106562 20.895397587859225 1.8209161693834055 17.345157460132757 nan 12.1   
407 2442 0.001778542005463404 335.6927548748428 15.382937930573293 1.8012927762327855e+01 18.959031563716803 19.68850938758376 0.43961046946554916 18.668916678184427 nan 12.1   
408 2448 0.0015607667847635663 357.47715259015524 15.382937930573293 1.7565017473965565e+01 19.259629706246013 22.246920217836344 1.8004484344532514 18.936660733128782 nan 12.1   
409 2454 0.0014291291260438933 315.76219864847525 15.382937930573293 1.5933536804969549e+01 18.225674541222254 20.224459712709912 1.5629061023577577 17.206975298862385 nan 12.1   
410 2460 0.001302654342312393 349.007890598694 15.382937930573293 1.6088384310092319e+01 18.037733512487087 20.942394210469082 2.1849246411307064 17.74104979797917 nan 12.2   
411 2466 0.001055771793111683 408.87301912936465 15.382937930573293 1.7623280489974608e+01 19.59733204781761 20.833213040134 1.8541870405073517 17.77999684066379 nan 12.2   
412 2472 0.0008616324587899934 480.99129229973056 15.382937930573293 1.7414360804338237e+01 18.778533062666458 19.936591816243382 1.4448236304394229 17.732907251690268 nan 12.2   
413 2478 0.000900273890245021 530.1169948999348 15.382937930573293 1.6692329458347196e+01 18.025530338100584 20.277877211156063 1.9271419392789397 17.408072484860565 nan 12.3   
414 2484 0.0008286500717996138 596.9266721113977 15.382937930573293 1.7400187005081257e+01 18.789413053307126 19.86198369482542 1.0080424870401323 18.185074253717264 nan 12.3   
415 2490 0.0010723932590418084 546.7407020286462 15.382937930573293 1.6021049517562307e+01 18.34741998626161 20.11756575130022 1.6402789526094068 17.31743884773093 nan 12.3   
416 2496 0.0015096051715368264 338.7481642759465 15.382937930573293 1.7831109599014702e+01 19.23113153317029 19.88560822934514 0.6515185458955237 18.60967770786835 nan 12.4   
417 2502 0.002168544156062364 309.5058596181741 15.382937930573293 1.6774104109538779e+01 18.20773704914485 20.46973714119997 0.9306278493413132 18.030219939710005 nan 12.4   
418 2508 0.0020916951634310905 404.8889749246403 15.382937930573293 1.6196700791524460e+01 18.891213917263258 21.547144220237268 2.4226430722255508 16.60755459160342 nan 12.4   
419 2514 0.0015771229610793568 336.5681827803896 15.382937930573293 1.6824648967333207e+01 18.373199289467486 18.948341855482763 0.9180814881409738 17.80511684989819 nan 12.4   
420 2520 0.0013538850476367032 378.9796927800529 15.382937930573293 1.6551919921758198e+01 17.664372989391023 19.38664121906464 1.3913887649404622 16.57588178570119 nan 12.5   
421 2526 0.0010650117366313126 457.62444471311693 15.382937930573293 1.8324808659339983e+01 19.476139385447475 20.047166742835635 0.8534873618182246 18.70428515969814 nan 12.5   
422 2532 0.0011472899965041757 557.2559946055967 15.382937930573293 1.7587601676130415e+01 18.755832955193917 22.797110317055758 1.71532368159178 17.633098276311443 nan 12.5   
423 2538 0.0009153774854939791 474.93699541237146 15.382937930573293 1.5576198728155877e+01 17.872866215499375 21.615676898751346 0.9468214436676767 17.099868136332788 nan 12.6   
424 2544 0.0006460328477089335 528.798611732924 15.382937930573293 1.6400377816891250e+01 17.765102650661856 21.021474742032517 2.2214970632078987 16.86872014715757 nan 12.6   
425 2550 0.000678182784903879 526.4905313898166 15.382937930573293 1.7013633448764526e+01 18.419548851953724 21.633699339084217 3.8574753388799117 17.09869146840732 nan 12.6   
426 2556 0.000656147804483242 471.207953654598 15.382937930573293 1.7805071889486797e+01 22.717305791624007 27.340466740024446 8.783164433222868 18.41708761358273 nan 12.7   
427 2562 0.0009980553014751448 419.0051731946522 15.382937930573293 1.6796464910376674e+01 18.73438615365576 23.415232971978366 3.8279478540863643 17.24135327982493 nan 12.7   
428 2568 0.0008945635683884462 374.3899536213259 15.382937930573293 1.6004883176484075e+01 19.35278284490447 20.685841270675475 0.7495314463031377 19.16472145081647 nan 12.8   
429 2574 0.0008839066395956113 408.47532590899976 15.382937930573293 1.7133468978975372e+01 18.040786530462263 18.707697641820317 1.127359862469703 17.351665478372816 nan 12.8   
430 2580 0.0010757838292130585 456.25403644700555 15.382937930573293 1.6609155383655899e+01 17.771227080623177 19.200249174856086 1.3363819064685565 16.889518399361833 nan 12.8   
431 2586 0.0011741940437315905 644.6344871217547 15.382937930573293 1.6794830035817913e+01 17.843546240429475 19.046237252080736 1.0466636122979551 17.091665020077812 nan 12.8   
432 2592 0.0013260283116026306 554.1293753570376 15.382937930573293 1.7298088433789079e+01 18.91424147830458 19.97825821892004 1.686647067686966 18.090926707541584 nan 12.9   
433 2598 0.0012791215735975477 394.19678779897055 15.382937930573293 1.6793662796960135e+01 18.271156841569194 19.95829473973021 1.7379888016074077 16.877817987351282 nan 12.9   
434 2604 0.0013307793942728132 515.1906729669074 15.382937930573293 1.6703725960319932e+01 18.8073004691643 21.901827534378757 3.140032592362143 17.019661139301515 nan 12.9   
435 2610 0.0010045312826689088 459.65210821775116 15.382937930573293 1.7793774078626814e+01 19.264469473178686 20.830107781770746 1.3970359223663884 18.46372400707709 nan 12.9   
436 2616 0.0008836995240767448 476.44674802745686 15.382937930573293 1.6748334126531212e+01 19.001445703941176 20.545891135877408 2.644403555664656 16.941084491561647 nan 13.0   
437 2622 0.000743315996925833 480.44513895638465 15.382937930573293 1.7275068094126308e+01 18.469002079924202 21.105645398216524 1.8965218559743278 17.36477999143144 nan 13.0   
438 2628 0.0005904767989782223 470.9877593350756 15.382937930573293 1.6065802957654288e+01 17.436959522869728 18.138233122583443 1.7040112804533436 16.33849465820522 nan 13.0   
439 2634 0.0006057976501584246 615.0090525821032 15.382937930573293 1.6652665327786107e+01 17.82470084433796 19.71775550780083 0.9481963594780467 17.290814760693966 nan 13.1   
440 2640 0.0005782144987536158 793.7178479722868 15.382937930573293 1.6814556437262659e+01 18.60464843685027 20.01630768617747 2.316390119911823 17.17299244433136 nan 13.1   
441 2646 0.0005073546705428134 908.5348464762765 15.382937930573293 1.7090548035441589e+01 20.280915984598103 23.942644329219455 1.9629708997586484 18.759470132513854 nan 13.1   
442 2652 0.0004898178074068141 934.2470954810424 15.382937930573293 1.6569617575482859e+01 17.551816987547358 18.529007244979077 1.33931047499496 17.089537797470925 nan 13.1   
443 2658 0.0005147466652974604 746.2022221147193 15.382937930573293 1.7218482956648256e+01 18.001812976937593 18.838278187299487 0.9913864616769565 17.390925157511887 nan 13.2   
444 2664 0.0004295827451457044 541.0290596286634 15.382937930573293 1.6139792992868074e+01 19.203156774133767 22.494801619522207 1.7103264898961932 17.608427368277944 nan 13.2   
445 2670 0.0003662251091874646 534.997322399652 15.382937930573293 1.6165480883617356e+01 17.575230071193403 18.48359477332806 1.6475915907737004 16.82537941257652 nan 13.2   
446 2676 0.0003183504981027582 612.2484726810998 15.382937930573293 1.6507885302235870e+01 18.434729479293495 21.196236552340753 3.356111734988712 17.162546654400913 nan 13.3   
447 2682 0.00034432215237791697 688.3438839094994 15.382937930573293 1.6931034304319322e+01 18.052797952398414 18.45461779017212 0.21857469406732832 17.945786567517203 nan 13.3   
448 2688 0.0003805386128197589 882.454526761836 15.382937930573293 1.6265436365401076e+01 17.591612858022767 18.429613258573546 0.9499021671775552 16.685199623150055 nan 13.3   
449 2694 0.0003381599217745968 817.6116248542819 15.382937930573293 1.6363068295451875e+01 17.22919317950479 20.333601558246674 1.3068420655480502 16.627719143256616 nan 13.3   
450 2700 0.0002908594317415246 792.0121025433208 15.382937930573293 1.6191477811231707e+01 18.6787776632517 23.550726053853634 4.2391951676621495 16.998647103573205 nan 13.4   
451 2706 0.0003094494299785846 969.3718749471474 15.382937930573293 1.6548115651540805e+01 18.265929062244737 21.029395730744024 1.666573620950281 16.874419350873865 nan 13.4   
452 2712 0.0003786921387490935 927.5161436666607 15.382937930573293 1.7259348598877548e+01 18.797425000642388 20.7388978690002 1.8146574040697168 17.53019012469954 nan 13.4   
453 2718 0.00045269521922015876 948.403894924165 15.382937930573293 1.6057810856039243e+01 17.45814305973885 20.42262866613165 2.209804816879192 17.046872256875822 nan 13.5   
454 2724 0.00038572468379018143 1262.0327857970296 15.382937930573293 1.7341381103181654e+01 18.6540774884886 18.810880505102563 1.1833948231294364 17.59975720924561 nan 13.5   
455 2730 0.0003972983356218278 1310.2257200626227 15.382937930573293 1.7108889771657807e+01 19.065908827560186 20.476420244238845 1.990732520820572 17.227425828371388 nan 13.5   
456 2736 0.00035202755113739547 1273.1472045120947 15.382937930573293 1.6889938532517174e+01 18.642093173006437 20.179580534263714 2.826515617396719 16.99574356485226 nan 13.5   
457 2742 0.0003544524161816823 1479.7549562246315 15.382937930573293 1.8345755092354544e+01 19.44618725740294 21.517138271731525 1.9834056642619302 18.35099530092737 nan 13.6   
458 2748 0.00047426097434613015 1122.9646054214436 15.382937930573293 1.7381699979587523e+01 17.875854990874284 19.34985218458069 1.4059123565807816 17.53206537402588 nan 13.6   
459 2754 0.0006257748620717659 1653.1600881390557 15.382937930573293 1.6374612023854855e+01 19.046623741343733 20.062169634292918 2.1649152874164734 17.114363818217893 nan 13.6   
460 2760 0.0007316518330008911 2255.059724580167 15.382937930573293 1.6354133634994543e+01 18.15358652452178 20.80022606687552 3.1548444393944166 16.745622102758826 nan 13.7   
461 2766 0.0006124955134298738 2394.500145950268 15.382937930573293 1.6105785206754444e+01 18.086522724573445 22.83662971428723 1.302202477093914 17.27183709858539 nan 13.7   
462 2772 0.0005317390808662903 2278.3448086690446 15.382937930573293 1.7016438042782436e+01 17.926529540695565 18.01311068723673 0.7959030711356903 17.216215567652867 nan 13.7   
463 2778 0.0005675312997980662 2317.2171256770607 15.382937930573293 1.5933910079709166e+01 19.02244470029293 19.33690214293409 1.279150374218311 17.925376340229473 nan 13.8   
464 2784 0.0004617718666019028 2360.258506692166 15.382937930573293 1.7968590517023532e+01 19.035964184490272 23.052531082787556 0.97848803459501 18.066634860234917 nan 13.8   
465 2790 0.00037598510325325486 2589.9941686742973 15.382937930573293 1.5799431037346203e+01 19.11398144871241 21.022482162178623 1.6505273598134664 17.959028141440378 nan 13.8   
466 2796 0.0003189302954511188 2409.053714016448 15.382937930573293 1.6839461088449944e+01 18.34703441276323 20.748835246289143 1.2780462188643362 17.154516079253273 nan 13.8   
467 2802 0.00031236175290415866 2527.5482347739453 15.382937930573293 1.6688022642980410e+01 18.39433232609816 20.933882262603184 1.622575059851556 17.190325940662323 nan 13.9   
468 2808 0.0002942326692917799 2997.660229305377 15.382937930573293 1.5975380538131235e+01 17.548549441028403 18.10745362219958 1.7176671790170701 16.20376130960257 nan 13.9   
469 2814 0.0003567519534715252 2438.4067392207685 15.382937930573293 1.6095490764830480e+01 18.979653198697882 21.64211869384283 2.1124635145919193 17.86890803018797 nan 13.9   
470 2820 0.00030228733768529177 1624.0536839464264 15.382937930573293 1.6515422225580053e+01 17.676368868964314 19.034553964780198 0.8984049980710722 16.972379186744483 nan 14.0   
471 2826 0.0003066143913870365 1773.8866189795838 15.382937930573293 1.7895145535093476e+01 18.871697512482097 20.343171407430912 0.9554545090492645 18.612639157335717 nan 14.0   
472 2832 0.000366846949847485 1560.7325521868656 15.382937930573293 1.5934883305706240e+01 19.5958906191564 22.10856970873175 3.171751157996205 16.711324983062774 nan 14.0   
473 2838 0.0005831941950861609 1013.2993517160522 15.382937930573293 1.6087377139836757e+01 17.687873373467372 19.98799926147789 2.4248088035205235 16.495163101486124 nan 14.1   
474 2844 0.000674128885213348 1244.2363137194384 15.382937930573293 1.7752617618089079e+01 18.557243844319995 20.76579419997332 1.307419995975195 17.9490539131224 nan 14.1   
475 2850 0.0005152279368316352 1160.8902622992641 15.382937930573293 1.5705949119047764e+01 18.484620251457244 20.805399691511518 3.207022081315124 16.505666296291132 nan 14.1   
476 2856 0.0003809633550212211 1081.8527908868891 15.382937930573293 1.6920794408872823e+01 17.85058217411799 20.4525265697215 2.1335541308133763 17.529453899155744 nan 14.1   
477 2862 0.00035216301076704704 1258.9967987496807 15.382937930573293 1.7079053040773083e+01 19.003757787211967 21.213555055488357 1.6863463743765124 18.488922736160063 nan 14.2   
478 2868 0.00036532870340810086 1266.6294057369048 15.382937930573293 1.6599184770451167e+01 17.72093173735786 20.142848987341434 2.0562042008894643 16.942738761231464 nan 14.2   
479 2874 0.0002847409135829019 1199.4514500424434 15.382937930573293 1.5576524777761897e+01 18.64010449335612 20.86455648971985 3.302874592867987 17.391938771377273 nan 14.2   
480 2880 0.0002533286163312334 1376.35079501066 15.382937930573293 1.6024576851626037e+01 18.577544193504988 22.453400532902325 2.694335893654678 17.17505278788329 nan 14.3   
481 2886 0.0003332231648729691 1586.5097138564968 15.382937930573293 1.7367624155578305e+01 18.247740451535954 18.483316622579963 0.6789291140755793 17.748941819993902 nan 14.3   
482 2892 0.0002954702411086357 1700.5964678955293 15.382937930573293 1.6838530211077057e+01 18.760985962514276 22.00656206909262 1.9778999486334783 18.29819889275778 nan 14.3   
483 2898 0.000297706704733662 1933.949328231744 15.382937930573293 1.7739944597479035e+01 19.671943687406372 21.048802656225906 2.2824855256833736 18.68158916514183 nan 14.4   
484 2904 0.0003110497452786878 2231.033331611179 15.382937930573293 1.6341764995423013e+01 19.171215143084673 22.307862290502573 2.8192490870473073 17.319852333383437 nan 14.4   
485 2910 0.00024454322107399565 3228.33425451181 15.382937930573293 1.7480832384063902e+01 19.64821311545838 20.954696626810097 2.3023792894403314 17.870446912216266 nan 14.4   
486 2916 0.0002002175874489509 3888.336728308488 15.382937930573293 1.6723356274598526e+01 17.742660020510705 19.54623788203046 1.2596531049874038 17.00903965176348 nan 14.5   
487 2922 0.00024429132134075657 3675.8485048397056 15.382937930573293 1.6044774488615555e+01 20.05859897193861 21.17809934655121 3.9078697458738425 16.89036414322279 nan 14.5   
488 2928 0.0002852923629372131 3703.6520090254076 15.382937930573293 1.6929558889013936e+01 19.777673192400574 26.257516989660488 3.0808854602004097 16.984422815012092 nan 14.5   
489 2934 0.00021104225793220187 4709.125366964696 15.382937930573293 1.7095358987713187e+01 19.131999594949946 20.125856402452197 2.8953158428443615 17.19166570501306 nan 14.5   
490 2940 0.00020007187042599941 4597.205997288109 15.382937930573293 1.6265295961030755e+01 19.238053579213656 21.822197969613775 2.6516252910732554 16.74061435577596 nan 14.6   
491 2946 0.00022549183628669828 3909.6256620153713 15.382937930573293 1.6289153530219945e+01 17.75215017226974 22.737557744353843 3.226350532608148 16.629993368651014 nan 14.6   
492 2952 0.0003885200881420203 4009.284027014312 15.382937930573293 1.6437551522351832e+01 19.114029348910364 24.58643740798146 2.9937200287110493 17.005160976334544 nan 14.6   
493 2958 0.00041709930083048963 4063.741441895624 15.382937930573293 1.6479642978107375e+01 19.162501808048898 20.596356345640164 2.191481067168276 17.411501724165518 nan 14.7   
494 2964 0.00038194612116874087 4432.0062304154835 15.382937930573293 1.7626884414915462e+01 18.021116538385105 19.493954799819978 1.420319534815249 17.82590762968959 nan 14.7   
495 2970 0.0007752659459643215 4257.5362195985135 15.382937930573293 1.6075689854386859e+01 17.268072541570053 21.085499542395507 0.7846220744075474 17.07872057448252 nan 14.7   
496 2976 0.000973108951932079 4030.978268684906 15.382937930573293 1.6498021810395159e+01 19.64349760534633 20.719083401767012 2.5125262306914564 17.993647561954507 nan 14.8   
497 2982 0.0009993779739265161 4730.9589880414605 15.382937930573293 1.6805294942991569e+01 17.656297571044473 19.761973410293596 1.8540360482280356 17.29441613279313 nan 14.8   
498 2988 0.0011455526370626197 4199.219972910558 15.382937930573293 1.6850650527755015e+01 18.230180645430416 20.729823835073883 1.2843031654627417 17.505253139094734 nan 14.8   
499 2994 0.0012201316576479126 3288.928423506813 15.382937930573293 1.6475665140778151e+01 18.82188423839069 23.915869866710057 4.399658915115509 17.380377934944367 nan 14.8   
500 3000 0.0009758064671699123 3264.6526953772905 15.382937930573293 1.6230368295995127e+01 17.924870327931828 18.298681957420268 0.6761714736583393 17.495659290178764 nan 14.9   
501 3006 0.0013658319221460794 3288.2985295214494 15.382937930573293 1.6821963019548555e+01 18.28205648737126 21.27017208443403 1.6253829691433594 17.361025130661066 nan 14.9   
502 3012 0.0017270998647939179 4603.437271574969 15.347396147432008 1.5347396147432008e+01 18.348007970782273 18.644278223942912 1.5785307462913565 16.819558798527346 nan 14.9   
503 3018 0.0022155567405318277 5064.443037761889 15.347396147432008 1.6238284255165183e+01 18.367388427755028 21.418402360801622 1.5822255806187435 17.208809986337613 nan 15.0   
504 3024 0.001836384226703191 5296.195218574938 15.347396147432008 1.6632563470387986e+01 17.476187601399285 19.17472013813814 0.9438386561041838 16.829371119162815 nan 15.0   
505 3030 0.0027370497032762017 5810.973245405467 15.347396147432008 1.6707760983586173e+01 19.582556895297532 22.80289842811612 2.9176562652731164 17.041813019211688 nan 15.0   
506 3036 0.002551750575050182 6025.513979810218 15.347396147432008 1.7165157590097614e+01 18.30133660626598 21.066078456174782 2.2001245099145983 17.653957676394107 nan 15.1   
507 3042 0.0025366114891235293 4983.959499982712 15.347396147432008 1.6742162969564603e+01 18.82138638052759 22.424518076254948 3.883633930419247 17.031687969455618 nan 15.1   
508 3048 0.0021014938529176335 5181.198979854315 15.347396147432008 1.7338314066439153e+01 18.45575904919402 19.12997441609301 0.4988832516527353 18.217326464442188 nan 15.1   
509 3054 0.0024554120869556607 4890.067380345398 15.347396147432008 1.5843922603474113e+01 16.780475367487753 20.85883840156028 1.3270545032706984 16.42242678782298 nan 15.1   
510 3060 0.0019366506231036033 4766.073945734849 15.347396147432008 1.5953422084004231e+01 18.536869782657718 23.385155799743032 2.718710892604083 16.1960871106287 nan 15.2   
511 3066 0.002056879454328354 5512.726467924174 15.347396147432008 1.6336796100604666e+01 18.23170249410509 20.096247312588325 1.7207096843656302 16.723194203575783 nan 15.2   
512 3072 0.001849152409141194 5054.807006540767 15.347396147432008 1.6881916372213595e+01 17.389468678557893 19.058086647073267 0.9243041497884938 16.970181721727027 nan 15.2   
513 3078 0.0014342898307346565 5739.607165526003 15.347396147432008 1.7295486695843955e+01 19.274019636097748 19.858998801010095 1.391588779150343 18.10591481370657 nan 15.3   
514 3084 0.001474839430995629 5929.1059522978485 15.347396147432008 1.5496244224169164e+01 17.988024101310497 21.708641388437485 1.194913285611591 16.954393093217018 nan 15.3   
515 3090 0.0012424001636173545 5477.233427894113 15.347396147432008 1.6324604571007264e+01 17.766488360966225 18.477192192187132 1.256784855646874 17.219699218443257 nan 15.3   
516 3096 0.001055524681638841 4390.07783521592 15.347396147432008 1.6482872761957712e+01 18.38253763415142 19.916105060079452 1.3941223965036542 17.155024881033814 nan 15.3   
517 3102 0.0008541383815203697 4241.973287832743 15.347396147432008 1.5738447866887173e+01 18.072242720601075 20.828763590923526 3.0838546894215497 17.106335824649022 nan 15.4   
518 3108 0.0007680779506392768 4490.55650860909 15.347396147432008 1.5863687092281822e+01 17.970682750413474 20.898903453818644 1.7991789027777898 17.147349869711118 nan 15.4   
519 3114 0.0007459210956235823 5040.141547216268 15.347396147432008 1.6930038883280556e+01 19.678575588188448 24.649643358756133 2.150735519292848 17.72469574112636 nan 15.4   
520 3120 0.000668651625357781 4848.076015537989 15.347396147432008 1.6556382975910832e+01 18.883941885838734 21.76211824817106 0.7787987996855712 18.53528166746045 nan 15.5   
521 3126 0.0008530798737813764 4186.789762390579 15.347396147432008 1.5826341379108394e+01 16.912587218456274 18.972964761368868 0.453486929434586 16.68856565444112 nan 15.5   
522 3132 0.0008333085105384799 6277.482894838873 15.347396147432008 1.5988159028881912e+01 17.108157281320246 20.02358068457831 1.8070194138445679 16.80986789209639 nan 15.5   
523 3138 0.0008497729817641375 5688.1067165257455 15.347396147432008 1.6391347132796074e+01 17.466551294531364 19.254098528202533 1.958084887163551 16.506504333034226 nan 15.6   
524 3144 0.0009027433705064084 6240.913018525213 15.347396147432008 1.7115238190429249e+01 18.406291616194785 19.258930322307577 1.0701721774184492 17.5163791516107 nan 15.6   
525 3150 0.0009160978388908497 6680.956775995939 15.347396147432008 1.6579975195181643e+01 16.94156550412639 18.98530128205892 1.3386554923696075 16.677344273263937 nan 15.6   
526 3156 0.0008067538739878055 5566.876413967712 15.347396147432008 1.7519005702810588e+01 18.504325214998705 19.46558772880563 1.402465895021102 17.54476846496384 nan 15.6   
527 3162 0.0006773552102605003 5595.483281621831 15.347396147432008 1.6573616729578269e+01 18.829344325074523 19.059173511133228 1.3945344420175623 17.52748487439512 nan 15.7   
528 3168 0.000561976057729255 7225.594746880871 15.347396147432008 1.6430166888479114e+01 18.766219262215834 19.36626792643137 1.3493976289880862 17.98067704946836 nan 15.7   
529 3174 0.0005865946897074657 6597.851021079819 15.347396147432008 1.6341196497661745e+01 17.316322522098872 18.083387851964282 1.3518635459152932 16.49437393010939 nan 15.7   
530 3180 0.0004989336368932298 8744.548005305996 15.347396147432008 1.5458231251366358e+01 17.896946617967618 19.018554875951125 1.9140221360569853 16.86821952718556 nan 15.8   
531 3186 0.00043155614433420094 7446.552347319205 15.347396147432008 1.7150505707129287e+01 18.784239376875657 20.04628616753192 0.7858309707999389 18.60239038136789 nan 15.8   
532 3192 0.0003810636973018631 8441.486926778836 15.347396147432008 1.7363374875043874e+01 18.56111357344798 21.14319952518804 2.1263444214122416 17.598592653095412 nan 15.8   
533 3198 0.0004131283884412211 7114.752012634802 15.347396147432008 1.6918887361958550e+01 17.83287538988555 18.819225993071708 1.0456682801153576 17.156881545089306 nan 15.8   
534 3204 0.0005466247556492393 8396.917325565055 15.347396147432008 1.7152204413930590e+01 18.861648185595026 19.375542759680314 1.3954840502779078 17.806273027771066 nan 15.9   
535 3210 0.00045349322136457415 10784.128749520776 15.347396147432008 1.6186539782198704e+01 18.086832589923706 21.385364909253678 1.8821155124561635 16.702277146919716 nan 15.9   
536 3216 0.0004100937013080124 10632.287366176159 15.347396147432008 1.5905783581102742e+01 17.964698001841434 18.787129983519534 1.383028351820542 17.18852370131798 nan 15.9   
537 3222 0.0006630085930411358 10870.638444762668 15.347396147432008 1.7242376564507200e+01 19.47769935234204 20.433388898185296 1.6125739837431503 17.934404970550293 nan 16.0   
538 3228 0.0006648350906302188 10296.478738570144 15.347396147432008 1.6890457921548531e+01 18.419685894167554 19.239525318754428 2.148416848725468 16.981764549283625 nan 16.0   
539 3234 0.0007902480810422761 8280.505290465637 15.347396147432008 1.7375111057445693e+01 18.008739973474025 19.10044157948651 0.5223249293550474 17.739882949043814 nan 16.0   
540 3240 0.0008173173791373054 9518.196970793404 15.347396147432008 1.5621659552626067e+01 17.36338086692966 21.060935304460394 1.303751964473232 16.075377353616652 nan 16.0   
541 3246 0.0007645833872160584 9351.373531845386 15.347396147432008 1.6761587882928300e+01 17.350315327309126 19.266776974676684 1.0236042154250171 16.768476376277867 nan 16.1   
542 3252 0.0005478507734370159 10080.785542638152 15.347396147432008 1.6231171562928658e+01 17.70615794898913 19.310953984505577 1.127540548072158 16.74376266993848 nan 16.1   
543 3258 0.0005331474314504716 9074.220932199234 15.347396147432008 1.5781548065078880e+01 18.395824213304337 20.264444945689384 1.5509344799248055 17.179423593868755 nan 16.1   
544 3264 0.000637985253367083 7393.548516947676 15.347396147432008 1.6031580377592867e+01 17.41345302656978 19.698096363683035 0.686957461844333 16.841646151878873 nan 16.2   
545 3270 0.0006354921443323674 10793.262801123643 15.347396147432008 1.6976231155281749e+01 18.130848311023886 19.478622803788255 0.9649346092877593 17.29342636183244 nan 16.2   
546 3276 0.0005487243343836104 9678.354918429402 15.347396147432008 1.6909323301022066e+01 17.655732810079172 19.69926974250009 0.6050995932234073 17.40575047007276 nan 16.2   
547 3282 0.0005875003423336233 10268.944887641106 15.347396147432008 1.6460616833091755e+01 18.26034453024022 20.87706713455047 1.3612132740687777 16.97727986089293 nan 16.2   
548 3288 0.0006340509446938834 9799.161295253285 15.347396147432008 1.6619433282664705e+01 18.363568113645563 21.630695472189146 0.4965892001325116 17.916966553192793 nan 16.3   
549 3294 0.0007420876969544756 12883.77778192875 15.347396147432008 1.6863905329622707e+01 19.856909125329516 20.825786946177033 2.6111163481087587 17.9832413590195 nan 16.3   
550 3300 0.0005923634226893825 14802.83766089047 15.347396147432008 1.5445802859806511e+01 17.571908123248907 18.797297735765106 1.5651721714413789 16.436383736008548 nan 16.3   
551 3306 0.0005755054919160679 17490.832091262924 15.347396147432008 1.6011843151981626e+01 18.02471806797117 20.53098153718003 0.9025320884797665 17.53196272247326 nan 16.4   
552 3312 0.0008379099026269369 17825.69311588277 15.347396147432008 1.7211965847924329e+01 18.308871399445287 21.183259833812013 1.305159098564797 17.612960587977017 nan 16.4   
553 3318 0.001002332642273868 20358.614893488462 15.347396147432008 1.6667380521162755e+01 18.24274221755431 21.317424892520492 3.1348871896658714 16.87508163627851 nan 16.4   
554 3324 0.0010742084691738238 27185.40885324929 15.347396147432008 1.5877587890453050e+01 17.884678259009522 20.106283765920026 1.0425174359783895 16.89358129562811 nan 16.5   
555 3330 0.0011149789254574333 29452.3692263988 15.347396147432008 1.6210345999889565e+01 18.136971969001156 19.153551354720662 1.8575660032965153 17.150574186501697 nan 16.5   
556 3336 0.0011588061277564032 29702.03265456371 15.347396147432008 1.7379051616123526e+01 18.408032138325297 21.845634031431803 0.6328348848878065 17.863467025164912 nan 16.5   
557 3342 0.0011545693293153162 34680.265506855714 15.347396147432008 1.6545360201765909e+01 18.12858890990197 23.532077604020152 1.3532620826411836 16.882666888903383 nan 16.6   
558 3348 0.001091286397772976 32140.069773523344 15.347396147432008 1.5836010469819644e+01 18.095250618812308 20.705485604241 3.119605905049619 15.92756351200248 nan 16.6   
559 3354 0.0008228849252024564 35979.96862138628 15.347396147432008 1.6372782696404830e+01 18.886238588102866 23.44046258654342 2.593125147813904 16.688628315179177 nan 16.6   
560 3360 0.0006437593110561459 28808.142559392654 15.347396147432008 1.6677797082106363e+01 18.524853809854438 20.695494088059444 1.6343854384403542 17.173997783079088 nan 16.7   
561 3366 0.0005404493884746858 24817.11484231549 15.347396147432008 1.6121169919987459e+01 17.265247747594962 19.344644588284 2.006170913392772 16.820342260960334 nan 16.7   
562 3372 0.0005436576128837329 27658.328623189165 15.347396147432008 1.7148957245074239e+01 18.459983917353764 19.0975731580559 1.3048298565504695 17.32635359527292 nan 16.7   
563 3378 0.0005612659785806301 21116.761599229947 15.347396147432008 1.6433338174695908e+01 17.996038880976926 19.70831924262036 1.3114501983170683 16.82185928286492 nan 16.8   
564 3384 0.0004346979658250896 15720.44940138535 15.347396147432008 1.6119103043964770e+01 18.833134023895077 21.316250079777603 2.6088763574186373 17.49155744616894 nan 16.8   
565 3390 0.0003666517781714993 17639.617314647465 15.347396147432008 1.6697360664897683e+01 17.885618419847273 19.4042041035161 1.7768175977391394 16.971814414041052 nan 16.9   
566 3396 0.00037541540371430193 15227.75945838935 15.347396147432008 1.6306488865724603e+01 19.573351386046376 22.283374950361225 3.272248100008021 16.534870590101665 nan 16.9   
567 3402 0.00034326213140939264 19087.252209754486 15.347396147432008 1.6580195281648081e+01 18.379792276008867 20.188600159722633 1.9689533444240368 18.000457211289472 nan 16.9   
568 3408 0.00039147069716857443 16371.281923858252 15.347396147432008 1.7356664635767718e+01 18.915497387060913 19.19542672492711 0.8161722294319524 18.3405665236376 nan 16.9   
569 3414 0.00045597826197544736 22160.666205811503 15.347396147432008 1.6671997479779883e+01 18.39777461127304 18.512060159451107 1.580521143018622 16.844585472748825 nan 17.0   
570 3420 0.0004041077782041916 20255.33512847213 15.347396147432008 1.7490179784206212e+01 18.222832563800612 20.23058362537313 1.116628184007638 17.782984322159013 nan 17.0   
571 3426 0.00032186986408394103 18284.420466240506 15.347396147432008 1.6096085424066715e+01 18.44536282854217 18.762054338287786 2.4753653977253762 16.231093662401125 nan 17.0   
572 3432 0.0005143337699515605 18144.396411482132 15.347396147432008 1.6997489948850763e+01 19.84434414901739 21.394613903757584 1.596276649287713 18.8348394725701 nan 17.1   
573 3438 0.0006148243894644694 24337.392593768553 15.347396147432008 1.7368280606612888e+01 19.415993863098 21.49065817122356 3.2047993405426958 17.790720442346938 nan 17.1   
574 3444 0.0008246679549023784 24773.719910735297 15.347396147432008 1.5951601180509149e+01 18.11103644807768 20.0622742087991 1.515705167699359 17.845788883002506 nan 17.1   
575 3450 0.0006660091522744742 34373.44115709771 15.347396147432008 1.6300142542079531e+01 18.419663338510635 20.693006312645505 1.010253859649218 17.85732527476007 nan 17.2   
576 3456 0.0006047776446546086 38243.69378683783 15.347396147432008 1.7294471221128713e+01 19.107377787175654 20.375384464201044 0.9247186638696299 18.256692845716326 nan 17.2   
577 3462 0.0004661630549423889 40597.9050420014 15.347396147432008 1.7710985815812101e+01 18.4610632789082 19.08284425322382 1.287540025542878 17.726700759497454 nan 17.2   
578 3468 0.0006785455501933072 40142.6964689279 15.347396147432008 1.6625171580038330e+01 19.326874515444143 21.30434832379876 2.3603861768068306 17.139870533361776 nan 17.3   
579 3474 0.0005021093295793347 24681.938772305843 15.347396147432008 1.7950387268436756e+01 18.43735687098437 20.59307952070937 0.4975636099607641 18.050116600077452 nan 17.3   
580 3480 0.000527870490503081 22827.393955790358 15.347396147432008 1.6630698855198002e+01 18.092412356441866 18.30945167585224 1.3041269906281272 16.940468618263367 nan 17.3   
581 3486 0.0005877929660056675 22358.653072325174 15.347396147432008 1.6320741618725481e+01 17.52613329054709 22.51966804824304 1.8908834400864123 16.981475887854074 nan 17.3   
582 3492 0.0005225410862730068 30966.08866379042 15.347396147432008 1.7695536870970006e+01 18.53178545957345 22.260349319415262 0.9155675703310671 17.83371962711065 nan 17.4   
583 3498 0.0005599265888995687 29228.93479808447 15.347396147432008 1.6022530849113512e+01 17.316515923092584 19.348001634838248 0.6974821892308256 17.293113567940285 nan 17.4   
584 3504 0.0007884625841580501 21180.11315320697 15.347396147432008 1.6418760597080308e+01 18.68922748885346 19.92828191935439 2.513194959925965 17.345479170517038 nan 17.4   
585 3510 0.0011051873238234256 29844.399572614504 15.347396147432008 1.5818480827713456e+01 18.70661105413443 19.37240992274066 2.7067428730588503 16.61264460220327 nan 17.5   
586 3516 0.0009730586202092386 48181.33443484862 15.347396147432008 1.6715851923245793e+01 18.952745907251575 21.245870699548867 3.4366761285256437 17.452812951159853 nan 17.5   
587 3522 0.0009182510139596579 47094.70833882379 15.347396147432008 1.7013367374810986e+01 17.73930562622594 19.297107237763985 0.7663311705031823 17.019801717814172 nan 17.5   
588 3528 0.0008184613161678651 53839.730194480944 15.347396147432008 1.6900760418092148e+01 18.550509494354795 20.312074222683272 0.139544592762892 18.503628635512765 nan 17.5   
589 3534 0.0007682819476537342 68403.47843714386 15.347396147432008 1.5398057316695807e+01 17.755494247280687 18.914455245092547 1.4493283272465654 17.360568843823238 nan 17.6   
590 3540 0.0008614067534462326 85804.1721042543 15.347396147432008 1.6643354315608249e+01 17.496212545858995 27.37079091467183 2.649282274284566 16.88469755990847 nan 17.6   
591 3546 0.0007299594453760856 115783.6707489872 15.347396147432008 1.6180705493127938e+01 18.749450819035776 19.27286358889124 0.3913591095276949 18.73717072899767 nan 17.6   
592 3552 0.0010727085408374054 108825.24580473934 15.347396147432008 1.6334838299718836e+01 18.394703399430227 22.760466690864256 0.9238596846766214 18.12312560768373 nan 17.7   
593 3558 0.0009571210460300596 158125.3771374375 15.347396147432008 1.6351653433005165e+01 17.81089418486031 20.3160284577531 1.4555782775248467 16.5238185796878 nan 17.7   
594 3564 0.0009401693271487959 184405.24783847143 15.347396147432008 1.5956868957531404e+01 17.573596826301035 18.88671738685557 2.169979148008231 16.31735553691575 nan 17.7   
595 3570 0.0009424615095958634 167864.39109078507 15.347396147432008 1.5370432716116573e+01 18.31022126466323 19.208092911530205 2.864576172983641 15.761358284781432 nan 17.8   
596 3576 0.0007419541737016804 147684.3525752153 15.347396147432008 1.5888553063291166e+01 18.948213135681083 19.843595036656065 2.5055816354167817 16.695204224475358 nan 17.8   
597 3582 0.0006527810527680009 148448.0030411937 15.347396147432008 1.6667361253742587e+01 17.96234257534984 20.954811654693536 1.470503333278483 16.70032447909918 nan 17.8   
598 3588 0.0006523845616852906 166146.75041953046 15.347396147432008 1.7021287789544850e+01 17.9366637122181 18.62075124267077 1.1952105732513871 17.140947972612764 nan 17.8   
599 3594 0.0006464420129748017 149413.74196147994 15.347396147432008 1.6358571998650216e+01 18.33395258308528 20.797431065430537 1.525906621252691 17.147565673225834 nan 17.9   
600 3600 0.0007181929913058102 184001.47883381313 15.347396147432008 1.6361962734166326e+01 18.16125102621751 19.883847044907082 2.7198531529489074 16.83852383108333 nan 17.9   
601 3606 0.0006895054126721025 232702.58157060939 15.347396147432008 1.6611865208095065e+01 18.165439550349884 20.78598942224466 1.2112751806240318 17.185522339611488 nan 17.9   
602 3612 0.0010560136662966049 259287.73130849533 15.347396147432008 1.6088779904432624e+01 17.354605560425437 26.93273281983104 1.0309878205713794 16.78862254687333 nan 18.0   
603 3618 0.0010816077512481675 264861.644156622 15.347396147432008 1.5655248898039865e+01 16.55870810492446 21.449464191885475 3.3347589471481136 15.897414600909567 nan 18.0   
604 3624 0.000938929497173268 276992.1775831706 15.347396147432008 1.7562536989205181e+01 19.16568504744665 22.68043332828647 1.3127539124276737 18.129605341028842 nan 18.0   
605 3630 0.000869904878231682 333635.086127473 15.347396147432008 1.7208103240648096e+01 19.0285719463399 20.42902356143306 2.260639315526319 17.362511978660866 nan 18.1   
